date,source,destination,q10,q50,q90,recommended_demand
2026-05-11,Balıkesir,Bilecik,5263.66,7111.81,9149.92,8130.86
2026-05-12,Balıkesir,Bilecik,2896.72,4995.96,5958.16,5477.06
2026-05-13,Balıkesir,Bilecik,2167.26,4361.44,5586.79,4974.11
2026-05-14,Balıkesir,Bilecik,1626.01,3826.24,5461.68,4643.96
2026-05-15,Balıkesir,Bilecik,1020.13,3411.3,4775.99,4093.65
2026-05-16,Balıkesir,Bilecik,1162.68,2114.13,2693.46,2403.79
2026-05-17,Balıkesir,Bilecik,515.03,607.53,1060.24,833.89
2026-05-11,Balıkesir,Eskişehir,8668.04,10840.35,14106.05,12473.2
2026-05-12,Balıkesir,Eskişehir,6004.85,8489.66,10468.02,9478.84
2026-05-13,Balıkesir,Eskişehir,4603.83,7652.87,9167.05,8409.96
2026-05-14,Balıkesir,Eskişehir,3620.88,5790.83,7678.23,6734.53
2026-05-15,Balıkesir,Eskişehir,2918.05,5233.34,7993.96,6613.65
2026-05-16,Balıkesir,Eskişehir,1875.42,3336.82,4130.11,3733.46
2026-05-17,Balıkesir,Eskişehir,744.4,1264.4,1930.1,1597.25
2026-05-11,Balıkesir,Manisa,9029.68,12313.15,15190.77,13751.96
2026-05-12,Balıkesir,Manisa,6474.5,10071.51,12365.96,11218.73
2026-05-13,Balıkesir,Manisa,5548.25,9326.93,11341.92,10334.42
2026-05-14,Balıkesir,Manisa,4093.59,6462.74,8458.32,7460.53
2026-05-15,Balıkesir,Manisa,3380.76,5854.4,8502.54,7178.47
2026-05-16,Balıkesir,Manisa,1929.9,3706.22,4614.77,4160.5
2026-05-17,Balıkesir,Manisa,728.88,1514.06,2527.72,2020.89
2026-05-11,Balıkesir,Tekirdağ,8696.66,11135.24,14461.49,12798.37
2026-05-12,Balıkesir,Tekirdağ,6074.9,8514.29,10417.75,9466.02
2026-05-13,Balıkesir,Tekirdağ,4674.83,7589.82,8879.08,8234.45
2026-05-14,Balıkesir,Tekirdağ,3697.09,5409.66,7770.19,6589.93
2026-05-15,Balıkesir,Tekirdağ,2930.54,5000.59,7605.75,6303.17
2026-05-16,Balıkesir,Tekirdağ,1857.81,3431.38,4305.04,3868.21
2026-05-17,Balıkesir,Tekirdağ,675.28,1263.41,2221.21,1742.31
2026-05-11,Balıkesir,Yalova,10255.66,13634.8,16817.11,15225.95
2026-05-12,Balıkesir,Yalova,6621.89,10309.08,12485.37,11397.23
2026-05-13,Balıkesir,Yalova,5732.1,9511.84,11266.32,10389.08
2026-05-14,Balıkesir,Yalova,4725.59,6535.46,7949.95,7242.71
2026-05-15,Balıkesir,Yalova,3614.68,5803.61,7818.98,6811.3
2026-05-16,Balıkesir,Yalova,1414.06,3404.33,3929.87,3667.1
2026-05-17,Balıkesir,Yalova,346.92,960.42,1351.58,1156.0
2026-05-11,Balıkesir,İstanbul,8659.63,10859.41,13962.84,12411.13
2026-05-12,Balıkesir,İstanbul,5093.32,7546.66,9448.31,8497.48
2026-05-13,Balıkesir,İstanbul,3958.73,6636.05,7584.97,7110.51
2026-05-14,Balıkesir,İstanbul,3362.84,5282.01,7776.99,6529.5
2026-05-15,Balıkesir,İstanbul,2624.27,4863.29,7447.67,6155.48
2026-05-16,Balıkesir,İstanbul,1161.37,3051.8,3901.71,3476.76
2026-05-17,Balıkesir,İstanbul,293.21,756.4,1263.03,1009.72
2026-05-11,Bilecik,Eskişehir,5917.9,7680.26,10262.78,8971.52
2026-05-12,Bilecik,Eskişehir,3205.51,5389.57,6521.76,5955.66
2026-05-13,Bilecik,Eskişehir,2483.19,4962.28,5809.39,5385.84
2026-05-14,Bilecik,Eskişehir,1971.97,4465.86,5642.43,5054.15
2026-05-15,Bilecik,Eskişehir,1270.08,3593.68,4960.07,4276.87
2026-05-16,Bilecik,Eskişehir,1080.01,2092.94,2868.87,2480.91
2026-05-17,Bilecik,Eskişehir,442.38,522.53,900.11,711.32
2026-05-11,Bilecik,Manisa,6588.47,8319.5,10799.66,9559.58
2026-05-12,Bilecik,Manisa,3489.44,5751.32,6776.91,6264.12
2026-05-13,Bilecik,Manisa,2965.94,5085.21,6058.26,5571.73
2026-05-14,Bilecik,Manisa,2883.36,5019.12,6093.93,5556.52
2026-05-15,Bilecik,Manisa,2114.48,4255.39,5290.0,4772.7
2026-05-16,Bilecik,Manisa,1507.31,2487.85,3452.48,2970.17
2026-05-17,Bilecik,Manisa,484.17,913.09,1770.57,1341.83
2026-05-11,Eskişehir,Balıkesir,7213.51,9081.92,11620.29,10351.1
2026-05-12,Eskişehir,Balıkesir,3993.07,6430.56,7801.95,7116.25
2026-05-13,Eskişehir,Balıkesir,3201.66,5560.23,6920.05,6240.14
2026-05-14,Eskişehir,Balıkesir,3358.15,5298.11,6803.57,6050.84
2026-05-15,Eskişehir,Balıkesir,2570.3,4794.5,6624.7,5709.6
2026-05-16,Eskişehir,Balıkesir,885.19,2750.4,3879.05,3314.72
2026-05-17,Eskişehir,Balıkesir,313.21,943.73,1512.21,1227.97
2026-05-11,Eskişehir,Bilecik,5448.84,7215.62,9217.03,8216.33
2026-05-12,Eskişehir,Bilecik,2939.95,5073.82,6372.34,5723.08
2026-05-13,Eskişehir,Bilecik,2236.73,4523.42,5735.83,5129.63
2026-05-14,Eskişehir,Bilecik,1701.11,3980.25,5535.91,4758.08
2026-05-15,Eskişehir,Bilecik,1136.34,3576.54,5148.05,4362.29
2026-05-16,Eskişehir,Bilecik,1134.75,2344.39,3450.23,2897.31
2026-05-17,Eskişehir,Bilecik,491.69,752.33,1096.22,924.28
2026-05-11,Eskişehir,Erzincan,3755.94,5593.49,8423.79,7008.64
2026-05-12,Eskişehir,Erzincan,1878.61,3892.81,5166.35,4529.58
2026-05-13,Eskişehir,Erzincan,1242.55,3480.68,5110.32,4295.5
2026-05-14,Eskişehir,Erzincan,732.86,3075.84,4924.47,4000.15
2026-05-15,Eskişehir,Erzincan,512.13,2944.66,4755.08,3849.87
2026-05-16,Eskişehir,Erzincan,0.0,1465.29,1721.85,1593.57
2026-05-17,Eskişehir,Erzincan,12.97,49.06,296.3,172.68
2026-05-11,Eskişehir,Isparta,3127.95,4935.57,7857.23,6396.4
2026-05-12,Eskişehir,Isparta,1454.47,3576.29,4875.4,4225.84
2026-05-13,Eskişehir,Isparta,1016.24,3117.96,5294.39,4206.18
2026-05-14,Eskişehir,Isparta,758.67,2678.24,5050.76,3864.5
2026-05-15,Eskişehir,Isparta,289.51,2291.17,4901.45,3596.31
2026-05-16,Eskişehir,Isparta,294.77,1451.35,1512.69,1482.02
2026-05-17,Eskişehir,Isparta,194.35,194.35,730.3,462.32
2026-05-11,Eskişehir,Kütahya,3631.69,5631.88,8235.89,6933.88
2026-05-12,Eskişehir,Kütahya,1597.14,3749.63,5219.79,4484.71
2026-05-13,Eskişehir,Kütahya,1142.98,3472.81,5138.04,4305.43
2026-05-14,Eskişehir,Kütahya,805.38,3112.57,5018.95,4065.76
2026-05-15,Eskişehir,Kütahya,622.47,3217.12,5191.14,4204.13
2026-05-16,Eskişehir,Kütahya,708.29,1765.31,2280.06,2022.69
2026-05-17,Eskişehir,Kütahya,284.14,356.67,816.24,586.46
2026-05-11,Eskişehir,Manisa,8702.33,11075.66,14378.48,12727.07
2026-05-12,Eskişehir,Manisa,5951.85,8344.67,10215.35,9280.01
2026-05-13,Eskişehir,Manisa,4583.27,7648.58,9446.23,8547.41
2026-05-14,Eskişehir,Manisa,3901.76,6048.9,7876.19,6962.55
2026-05-15,Eskişehir,Manisa,3198.46,5553.41,8347.63,6950.52
2026-05-16,Eskişehir,Manisa,1663.84,3445.51,4772.28,4108.89
2026-05-17,Eskişehir,Manisa,689.32,1451.19,2564.0,2007.59
2026-05-11,Eskişehir,Mardin,4285.64,5825.06,7598.3,6711.68
2026-05-12,Eskişehir,Mardin,2129.59,4118.31,5281.07,4699.69
2026-05-13,Eskişehir,Mardin,1643.94,3816.37,5166.24,4491.31
2026-05-14,Eskişehir,Mardin,1329.24,3335.31,5020.18,4177.74
2026-05-15,Eskişehir,Mardin,771.06,3125.13,4530.5,3827.82
2026-05-16,Eskişehir,Mardin,60.17,1506.8,1734.94,1620.87
2026-05-17,Eskişehir,Mardin,21.93,162.01,491.94,326.97
2026-05-11,Eskişehir,Mersin,4650.87,6416.68,8327.02,7371.85
2026-05-12,Eskişehir,Mersin,2343.87,4528.42,5479.73,5004.07
2026-05-13,Eskişehir,Mersin,1735.05,3944.76,5274.74,4609.75
2026-05-14,Eskişehir,Mersin,1304.62,3584.92,5606.43,4595.68
2026-05-15,Eskişehir,Mersin,769.62,3306.29,5029.47,4167.88
2026-05-16,Eskişehir,Mersin,997.08,2002.66,2717.12,2359.89
2026-05-17,Eskişehir,Mersin,311.19,419.75,943.8,681.78
2026-05-11,Eskişehir,Tekirdağ,8327.82,10372.56,13566.45,11969.5
2026-05-12,Eskişehir,Tekirdağ,4760.87,7113.46,9297.34,8205.4
2026-05-13,Eskişehir,Tekirdağ,3822.18,6767.24,8349.57,7558.4
2026-05-14,Eskişehir,Tekirdağ,3588.82,5554.39,7757.62,6656.0
2026-05-15,Eskişehir,Tekirdağ,2648.49,4842.87,7062.32,5952.6
2026-05-16,Eskişehir,Tekirdağ,965.32,2833.55,3672.23,3252.89
2026-05-17,Eskişehir,Tekirdağ,340.32,951.77,1588.93,1270.35
2026-05-11,Eskişehir,Yalova,10535.16,13864.02,17615.56,15739.79
2026-05-12,Eskişehir,Yalova,7362.22,11486.57,13781.78,12634.18
2026-05-13,Eskişehir,Yalova,6355.21,10818.54,13041.99,11930.26
2026-05-14,Eskişehir,Yalova,5620.61,7347.48,9629.09,8488.28
2026-05-15,Eskişehir,Yalova,4347.3,6406.1,9102.52,7754.31
2026-05-16,Eskişehir,Yalova,1797.36,3883.03,5518.49,4700.76
2026-05-17,Eskişehir,Yalova,774.95,1258.18,2583.96,1921.07
2026-05-11,Eskişehir,İstanbul,7712.86,9512.48,12042.42,10777.45
2026-05-12,Eskişehir,İstanbul,4560.99,6860.56,8169.36,7514.96
2026-05-13,Eskişehir,İstanbul,3486.75,6132.17,7416.87,6774.52
2026-05-14,Eskişehir,İstanbul,3279.34,5352.4,7183.45,6267.92
2026-05-15,Eskişehir,İstanbul,2633.23,4856.81,7038.51,5947.66
2026-05-16,Eskişehir,İstanbul,1485.33,2912.5,3960.14,3436.32
2026-05-17,Eskişehir,İstanbul,716.99,1170.44,1964.27,1567.35
2026-05-11,Eskişehir,Şanlıurfa,4539.73,6616.77,8509.15,7562.96
2026-05-12,Eskişehir,Şanlıurfa,2305.13,4359.58,5760.07,5059.82
2026-05-13,Eskişehir,Şanlıurfa,1775.8,4068.58,5512.39,4790.48
2026-05-14,Eskişehir,Şanlıurfa,1261.17,3355.14,5219.31,4287.22
2026-05-15,Eskişehir,Şanlıurfa,721.99,3121.19,4881.0,4001.09
2026-05-16,Eskişehir,Şanlıurfa,584.4,1997.56,2211.9,2104.73
2026-05-17,Eskişehir,Şanlıurfa,417.84,669.4,1038.44,853.92
2026-05-11,Kocaeli,Balıkesir,23836.57,35358.69,46922.05,41140.37
2026-05-12,Kocaeli,Balıkesir,17997.98,29110.29,38528.14,33819.21
2026-05-13,Kocaeli,Balıkesir,16839.45,26380.64,36384.71,31382.68
2026-05-14,Kocaeli,Balıkesir,14246.27,21614.06,31129.0,26371.53
2026-05-15,Kocaeli,Balıkesir,11707.36,18578.96,27585.46,23082.21
2026-05-16,Kocaeli,Balıkesir,6450.45,9829.07,13333.08,11581.07
2026-05-17,Kocaeli,Balıkesir,6158.02,7747.06,10812.33,9279.69
2026-05-11,Kocaeli,Bilecik,13664.92,20081.39,26908.29,23494.84
2026-05-12,Kocaeli,Bilecik,9172.13,16506.46,22811.65,19659.05
2026-05-13,Kocaeli,Bilecik,9076.81,15616.36,21541.46,18578.91
2026-05-14,Kocaeli,Bilecik,7457.08,12746.45,16821.76,14784.11
2026-05-15,Kocaeli,Bilecik,6366.55,11120.96,15188.5,13154.73
2026-05-16,Kocaeli,Bilecik,3561.3,6592.66,8888.74,7740.7
2026-05-17,Kocaeli,Bilecik,2939.91,4417.41,6836.85,5627.13
2026-05-11,Kocaeli,Erzincan,8408.45,12351.66,16138.1,14244.88
2026-05-12,Kocaeli,Erzincan,6219.38,11665.62,15502.88,13584.25
2026-05-13,Kocaeli,Erzincan,5434.73,10994.62,14696.49,12845.56
2026-05-14,Kocaeli,Erzincan,4055.21,7143.86,9685.94,8414.9
2026-05-15,Kocaeli,Erzincan,3820.64,6686.47,9704.67,8195.57
2026-05-16,Kocaeli,Erzincan,2052.93,5119.45,7639.95,6379.7
2026-05-17,Kocaeli,Erzincan,1683.01,3108.33,5783.0,4445.66
2026-05-11,Kocaeli,Eskişehir,14632.21,22044.83,30618.71,26331.77
2026-05-12,Kocaeli,Eskişehir,10383.97,18041.23,24737.84,21389.54
2026-05-13,Kocaeli,Eskişehir,10671.25,17642.26,23846.53,20744.4
2026-05-14,Kocaeli,Eskişehir,8782.85,14868.52,19686.97,17277.75
2026-05-15,Kocaeli,Eskişehir,6875.35,12129.46,17523.78,14826.62
2026-05-16,Kocaeli,Eskişehir,4921.6,8778.52,12218.97,10498.74
2026-05-17,Kocaeli,Eskişehir,4264.19,6110.13,7949.49,7029.81
2026-05-11,Kocaeli,Isparta,6160.23,9754.15,12176.34,10965.24
2026-05-12,Kocaeli,Isparta,3604.41,7407.01,9506.23,8456.62
2026-05-13,Kocaeli,Isparta,3548.6,7041.73,8748.86,7895.29
2026-05-14,Kocaeli,Isparta,2238.99,5126.9,7419.77,6273.33
2026-05-15,Kocaeli,Isparta,1619.07,4548.98,7336.91,5942.94
2026-05-16,Kocaeli,Isparta,765.73,2739.38,4947.68,3843.53
2026-05-17,Kocaeli,Isparta,652.96,2059.11,3079.15,2569.13
2026-05-11,Kocaeli,Kütahya,7550.68,12210.43,15650.75,13930.59
2026-05-12,Kocaeli,Kütahya,6424.58,13279.95,17688.99,15484.47
2026-05-13,Kocaeli,Kütahya,6166.8,12371.48,16233.87,14302.68
2026-05-14,Kocaeli,Kütahya,4102.9,7942.64,11318.96,9630.8
2026-05-15,Kocaeli,Kütahya,3679.61,7239.79,10611.65,8925.72
2026-05-16,Kocaeli,Kütahya,1637.03,4049.22,6006.18,5027.7
2026-05-17,Kocaeli,Kütahya,1009.44,2668.8,3849.25,3259.03
2026-05-11,Kocaeli,Manisa,14439.28,20666.47,26979.54,23823.01
2026-05-12,Kocaeli,Manisa,10568.78,18823.22,25892.45,22357.84
2026-05-13,Kocaeli,Manisa,10664.68,18401.4,25026.89,21714.15
2026-05-14,Kocaeli,Manisa,9228.52,15841.97,20878.1,18360.04
2026-05-15,Kocaeli,Manisa,7281.09,13591.6,19389.66,16490.63
2026-05-16,Kocaeli,Manisa,3966.63,6752.6,8441.98,7597.29
2026-05-17,Kocaeli,Manisa,3353.83,5085.06,7161.1,6123.08
2026-05-11,Kocaeli,Mardin,8551.77,13366.25,17825.01,15595.63
2026-05-12,Kocaeli,Mardin,6666.47,12851.17,17209.91,15030.54
2026-05-13,Kocaeli,Mardin,5516.84,11647.13,15490.85,13568.99
2026-05-14,Kocaeli,Mardin,4332.08,7156.26,9643.58,8399.92
2026-05-15,Kocaeli,Mardin,4059.67,6865.14,9470.39,8167.77
2026-05-16,Kocaeli,Mardin,1366.11,3690.52,5171.84,4431.18
2026-05-17,Kocaeli,Mardin,1143.78,2445.77,3920.37,3183.07
2026-05-11,Kocaeli,Mersin,18179.09,25802.06,34358.88,30080.47
2026-05-12,Kocaeli,Mersin,12963.9,21736.66,29876.89,25806.77
2026-05-13,Kocaeli,Mersin,11665.87,19327.32,26604.58,22965.95
2026-05-14,Kocaeli,Mersin,9335.22,15158.31,20566.02,17862.16
2026-05-15,Kocaeli,Mersin,7907.37,14055.52,20726.73,17391.12
2026-05-16,Kocaeli,Mersin,4581.69,7247.09,10453.99,8850.54
2026-05-17,Kocaeli,Mersin,4710.92,6170.32,9445.15,7807.73
2026-05-11,Kocaeli,Sivas,6319.8,10190.06,13136.3,11663.18
2026-05-12,Kocaeli,Sivas,3815.31,7996.0,10233.42,9114.71
2026-05-13,Kocaeli,Sivas,3550.36,7438.41,10090.63,8764.52
2026-05-14,Kocaeli,Sivas,2451.48,5443.51,9503.74,7473.63
2026-05-15,Kocaeli,Sivas,1888.01,5141.14,9259.69,7200.42
2026-05-16,Kocaeli,Sivas,1389.89,3620.19,6425.8,5023.0
2026-05-17,Kocaeli,Sivas,1025.2,2454.82,4454.04,3454.43
2026-05-11,Kocaeli,Tekirdağ,25293.28,38630.37,49960.27,44295.32
2026-05-12,Kocaeli,Tekirdağ,18559.71,30019.74,39930.15,34974.95
2026-05-13,Kocaeli,Tekirdağ,17596.18,28646.49,37743.73,33195.11
2026-05-14,Kocaeli,Tekirdağ,15924.22,24838.96,33487.54,29163.25
2026-05-15,Kocaeli,Tekirdağ,13894.15,21388.38,29622.01,25505.19
2026-05-16,Kocaeli,Tekirdağ,7022.59,10829.39,14427.67,12628.53
2026-05-17,Kocaeli,Tekirdağ,6486.87,8786.71,12215.04,10500.87
2026-05-11,Kocaeli,Yalova,28925.23,39779.84,50394.16,45087.0
2026-05-12,Kocaeli,Yalova,18958.98,31222.57,41905.35,36563.96
2026-05-13,Kocaeli,Yalova,18929.68,28460.58,38996.89,33728.74
2026-05-14,Kocaeli,Yalova,19735.01,28759.68,36716.73,32738.2
2026-05-15,Kocaeli,Yalova,17156.7,24875.36,33510.39,29192.87
2026-05-16,Kocaeli,Yalova,7165.7,10917.98,13788.82,12353.4
2026-05-17,Kocaeli,Yalova,7255.86,9772.13,12399.43,11085.78
2026-05-11,Kocaeli,İstanbul,23257.87,34997.73,46481.64,40739.69
2026-05-12,Kocaeli,İstanbul,17712.79,28979.46,38220.22,33599.84
2026-05-13,Kocaeli,İstanbul,17504.62,27234.97,37184.41,32209.69
2026-05-14,Kocaeli,İstanbul,14864.06,22344.58,31503.79,26924.19
2026-05-15,Kocaeli,İstanbul,11738.3,19067.34,27746.87,23407.1
2026-05-16,Kocaeli,İstanbul,5717.55,9083.2,12476.97,10780.08
2026-05-17,Kocaeli,İstanbul,6196.94,7746.67,10823.46,9285.07
2026-05-11,Kocaeli,Şanlıurfa,11664.43,16706.84,22841.41,19774.13
2026-05-12,Kocaeli,Şanlıurfa,7009.96,14770.08,20169.91,17470.0
2026-05-13,Kocaeli,Şanlıurfa,7253.87,14479.08,19306.52,16892.8
2026-05-14,Kocaeli,Şanlıurfa,4625.73,9556.88,12844.76,11200.82
2026-05-15,Kocaeli,Şanlıurfa,4309.98,8823.0,12464.51,10643.76
2026-05-16,Kocaeli,Şanlıurfa,2149.57,5330.92,7769.08,6550.0
2026-05-17,Kocaeli,Şanlıurfa,1767.83,3408.48,5990.04,4699.26
2026-05-11,Kütahya,Eskişehir,3080.3,4922.81,7540.81,6231.81
2026-05-12,Kütahya,Eskişehir,1419.75,3181.44,4596.63,3889.04
2026-05-13,Kütahya,Eskişehir,784.4,2622.42,4780.67,3701.54
2026-05-14,Kütahya,Eskişehir,83.07,2757.41,5224.29,3990.85
2026-05-15,Kütahya,Eskişehir,0.0,2400.34,4940.1,3670.22
2026-05-16,Kütahya,Eskişehir,616.42,1413.2,1783.91,1598.56
2026-05-17,Kütahya,Eskişehir,257.69,257.69,940.74,599.22
2026-05-11,Manisa,Balıkesir,16808.05,24648.85,32947.27,28798.06
2026-05-12,Manisa,Balıkesir,13735.02,22032.33,29153.49,25592.91
2026-05-13,Manisa,Balıkesir,12532.67,20098.48,26920.15,23509.31
2026-05-14,Manisa,Balıkesir,9993.42,16539.74,21500.26,19020.0
2026-05-15,Manisa,Balıkesir,7647.44,13343.59,18264.73,15804.16
2026-05-16,Manisa,Balıkesir,2693.89,5939.94,8411.01,7175.48
2026-05-17,Manisa,Balıkesir,1699.64,3622.88,5994.48,4808.68
2026-05-11,Manisa,Bilecik,12145.56,18359.6,25031.88,21695.74
2026-05-12,Manisa,Bilecik,9219.4,16498.3,22348.59,19423.44
2026-05-13,Manisa,Bilecik,8138.1,14127.37,19010.33,16568.85
2026-05-14,Manisa,Bilecik,6598.96,10784.44,13589.54,12186.99
2026-05-15,Manisa,Bilecik,5390.7,9152.23,12543.84,10848.04
2026-05-16,Manisa,Bilecik,1627.78,4668.07,6520.69,5594.38
2026-05-17,Manisa,Bilecik,1167.65,2536.25,4552.43,3544.34
2026-05-11,Manisa,Denizli,4287.7,6918.62,9215.99,8067.3
2026-05-12,Manisa,Denizli,1471.35,4330.71,6316.16,5323.43
2026-05-13,Manisa,Denizli,903.8,4108.75,6008.25,5058.5
2026-05-14,Manisa,Denizli,1193.31,3841.85,6059.73,4950.79
2026-05-15,Manisa,Denizli,759.32,3551.36,5414.64,4483.0
2026-05-16,Manisa,Denizli,561.14,2155.37,2745.14,2450.26
2026-05-17,Manisa,Denizli,520.3,1010.99,1939.61,1475.3
2026-05-11,Manisa,Eskişehir,12354.03,19252.76,26053.33,22653.05
2026-05-12,Manisa,Eskişehir,9607.68,17198.64,23096.34,20147.49
2026-05-13,Manisa,Eskişehir,8504.91,14819.4,20025.34,17422.37
2026-05-14,Manisa,Eskişehir,6878.66,11963.14,14827.15,13395.14
2026-05-15,Manisa,Eskişehir,5603.64,9925.91,13897.86,11911.89
2026-05-16,Manisa,Eskişehir,1531.4,4513.62,6428.54,5471.08
2026-05-17,Manisa,Eskişehir,980.86,2338.36,4278.26,3308.31
2026-05-11,Manisa,Isparta,9843.76,14933.77,19416.1,17174.94
2026-05-12,Manisa,Isparta,7467.19,14105.12,18832.71,16468.92
2026-05-13,Manisa,Isparta,7182.26,12837.63,17098.73,14968.18
2026-05-14,Manisa,Isparta,5214.11,9304.13,11480.18,10392.15
2026-05-15,Manisa,Isparta,4340.55,8220.73,10377.81,9299.27
2026-05-16,Manisa,Isparta,1150.48,3474.04,4221.84,3847.94
2026-05-17,Manisa,Isparta,929.03,2065.0,3219.43,2642.22
2026-05-11,Manisa,Kütahya,10124.87,15280.45,20464.92,17872.69
2026-05-12,Manisa,Kütahya,7758.57,13942.9,17795.95,15869.42
2026-05-13,Manisa,Kütahya,7516.11,12829.12,16408.81,14618.97
2026-05-14,Manisa,Kütahya,4898.95,9726.28,12449.67,11087.98
2026-05-15,Manisa,Kütahya,4292.87,8619.69,11474.52,10047.11
2026-05-16,Manisa,Kütahya,1694.71,3899.06,6550.68,5224.87
2026-05-17,Manisa,Kütahya,1237.35,2303.55,4372.74,3338.14
2026-05-11,Manisa,Mersin,9351.52,14507.48,18392.34,16449.91
2026-05-12,Manisa,Mersin,6104.26,10856.09,13640.21,12248.15
2026-05-13,Manisa,Mersin,5405.6,10138.08,12834.77,11486.43
2026-05-14,Manisa,Mersin,3943.58,6591.0,8519.3,7555.15
2026-05-15,Manisa,Mersin,3101.21,5786.3,8012.45,6899.37
2026-05-16,Manisa,Mersin,1055.19,3812.08,5046.15,4429.12
2026-05-17,Manisa,Mersin,311.34,1350.77,2623.23,1987.0
2026-05-11,Manisa,Sivas,6235.28,8588.43,10810.59,9699.51
2026-05-12,Manisa,Sivas,2640.33,5602.08,6630.23,6116.16
2026-05-13,Manisa,Sivas,2303.09,5138.85,6293.52,5716.18
2026-05-14,Manisa,Sivas,1807.08,4311.49,6055.77,5183.63
2026-05-15,Manisa,Sivas,1350.9,4100.79,5669.96,4885.38
2026-05-16,Manisa,Sivas,850.68,2438.0,3381.92,2909.96
2026-05-17,Manisa,Sivas,437.68,1271.6,3269.73,2270.67
2026-05-11,Manisa,Tekirdağ,14917.83,23305.59,30815.89,27060.74
2026-05-12,Manisa,Tekirdağ,12084.8,20117.55,26159.46,23138.5
2026-05-13,Manisa,Tekirdağ,10078.33,16398.9,22159.14,19279.02
2026-05-14,Manisa,Tekirdağ,6947.1,12368.36,16556.99,14462.67
2026-05-15,Manisa,Tekirdağ,6150.02,11463.46,14481.94,12972.7
2026-05-16,Manisa,Tekirdağ,2771.87,6277.59,8325.94,7301.77
2026-05-17,Manisa,Tekirdağ,1180.73,2852.76,4950.25,3901.5
2026-05-11,Manisa,Yalova,20165.32,28824.46,37411.98,33118.22
2026-05-12,Manisa,Yalova,14623.49,22801.34,30114.91,26458.12
2026-05-13,Manisa,Yalova,12761.04,21098.3,28001.99,24550.14
2026-05-14,Manisa,Yalova,10328.04,16962.97,22288.77,19625.87
2026-05-15,Manisa,Yalova,7340.1,13314.55,17831.1,15572.83
2026-05-16,Manisa,Yalova,3513.22,6897.56,9814.06,8355.81
2026-05-17,Manisa,Yalova,2736.84,3796.7,6664.46,5230.58
2026-05-11,Manisa,İstanbul,13445.94,19268.46,25408.16,22338.31
2026-05-12,Manisa,İstanbul,9447.31,15604.0,19267.11,17435.56
2026-05-13,Manisa,İstanbul,7610.88,12740.97,15651.98,14196.48
2026-05-14,Manisa,İstanbul,5712.12,9823.57,12683.18,11253.37
2026-05-15,Manisa,İstanbul,4668.86,8347.63,11877.27,10112.45
2026-05-16,Manisa,İstanbul,1828.33,5511.0,7848.3,6679.65
2026-05-17,Manisa,İstanbul,897.46,2415.61,4497.47,3456.54
2026-05-11,Mersin,Eskişehir,3706.39,5345.91,7389.32,6367.61
2026-05-12,Mersin,Eskişehir,1658.11,3511.27,4710.32,4110.8
2026-05-13,Mersin,Eskişehir,1325.41,3004.7,4437.18,3720.94
2026-05-14,Mersin,Eskişehir,833.4,2568.01,4568.87,3568.44
2026-05-15,Mersin,Eskişehir,149.41,2242.62,4138.69,3190.65
2026-05-16,Mersin,Eskişehir,467.06,1568.36,2007.32,1787.84
2026-05-17,Mersin,Eskişehir,212.81,355.49,1081.42,718.45
2026-05-11,Mersin,Manisa,3498.91,5603.09,8837.66,7220.37
2026-05-12,Mersin,Manisa,1403.11,3549.91,4775.41,4162.66
2026-05-13,Mersin,Manisa,1018.89,2846.47,4591.1,3718.79
2026-05-14,Mersin,Manisa,85.15,2378.95,2879.36,2629.15
2026-05-15,Mersin,Manisa,0.0,1930.87,2770.78,2350.82
2026-05-16,Mersin,Manisa,0.0,1283.88,1596.35,1440.11
2026-05-17,Mersin,Manisa,0.0,0.0,697.13,348.57
2026-05-11,Sivas,Eskişehir,6412.78,8113.89,10430.14,9272.01
2026-05-12,Sivas,Eskişehir,3172.67,5525.73,6432.26,5978.99
2026-05-13,Sivas,Eskişehir,2890.2,5149.07,6153.69,5651.38
2026-05-14,Sivas,Eskişehir,2341.57,4365.0,5800.33,5082.67
2026-05-15,Sivas,Eskişehir,1498.48,3725.28,5606.49,4665.89
2026-05-16,Sivas,Eskişehir,1303.37,2643.82,3365.31,3004.57
2026-05-17,Sivas,Eskişehir,278.44,910.39,1793.32,1351.85
2026-05-11,Tekirdağ,Balıkesir,11961.05,16393.82,21570.74,18982.28
2026-05-12,Tekirdağ,Balıkesir,9155.2,14150.93,17045.18,15598.06
2026-05-13,Tekirdağ,Balıkesir,7799.93,12088.43,14584.12,13336.27
2026-05-14,Tekirdağ,Balıkesir,6859.63,9556.16,11485.68,10520.92
2026-05-15,Tekirdağ,Balıkesir,5443.6,8224.42,10291.06,9257.74
2026-05-16,Tekirdağ,Balıkesir,1551.48,4487.01,6267.31,5377.16
2026-05-17,Tekirdağ,Balıkesir,751.68,1768.12,3100.06,2434.09
2026-05-11,Tekirdağ,Bilecik,8758.64,10872.44,13927.09,12399.76
2026-05-12,Tekirdağ,Bilecik,5837.45,8567.11,10682.72,9624.91
2026-05-13,Tekirdağ,Bilecik,4528.49,7941.09,9747.1,8844.09
2026-05-14,Tekirdağ,Bilecik,3351.55,5634.04,7679.17,6656.61
2026-05-15,Tekirdağ,Bilecik,2633.79,5041.61,8001.13,6521.37
2026-05-16,Tekirdağ,Bilecik,1487.76,3240.28,4551.06,3895.67
2026-05-17,Tekirdağ,Bilecik,548.43,1435.26,2687.65,2061.45
2026-05-11,Tekirdağ,Denizli,3570.51,5322.54,8198.45,6760.49
2026-05-12,Tekirdağ,Denizli,1467.03,3515.13,4795.73,4155.43
2026-05-13,Tekirdağ,Denizli,890.29,2967.8,5198.07,4082.93
2026-05-14,Tekirdağ,Denizli,420.26,2554.07,4844.29,3699.18
2026-05-15,Tekirdağ,Denizli,0.0,2174.21,4553.04,3363.63
2026-05-16,Tekirdağ,Denizli,0.0,1216.06,1216.06,1216.06
2026-05-17,Tekirdağ,Denizli,0.0,61.17,520.57,290.87
2026-05-11,Tekirdağ,Eskişehir,13457.01,19447.12,24947.36,22197.24
2026-05-12,Tekirdağ,Eskişehir,11273.19,16550.52,20637.32,18593.92
2026-05-13,Tekirdağ,Eskişehir,8521.39,13171.09,17247.4,15209.25
2026-05-14,Tekirdağ,Eskişehir,7422.44,10429.81,12913.41,11671.61
2026-05-15,Tekirdağ,Eskişehir,5816.34,8874.46,12015.93,10445.2
2026-05-16,Tekirdağ,Eskişehir,1582.43,4354.85,6237.71,5296.28
2026-05-17,Tekirdağ,Eskişehir,714.23,1484.8,3023.62,2254.21
2026-05-11,Tekirdağ,Isparta,4423.88,6945.78,9098.21,8021.99
2026-05-12,Tekirdağ,Isparta,2167.02,4396.67,5610.26,5003.47
2026-05-13,Tekirdağ,Isparta,1438.21,4024.08,5258.06,4641.07
2026-05-14,Tekirdağ,Isparta,596.27,2854.5,4028.16,3441.33
2026-05-15,Tekirdağ,Isparta,246.7,2729.99,3928.3,3329.15
2026-05-16,Tekirdağ,Isparta,448.95,1991.82,2400.79,2196.3
2026-05-17,Tekirdağ,Isparta,308.62,574.15,985.84,779.99
2026-05-11,Tekirdağ,Karaman,4032.41,6147.92,8190.03,7168.97
2026-05-12,Tekirdağ,Karaman,1784.01,3971.44,5181.12,4576.28
2026-05-13,Tekirdağ,Karaman,1169.68,3146.85,4854.33,4000.59
2026-05-14,Tekirdağ,Karaman,561.13,2591.51,3468.36,3029.93
2026-05-15,Tekirdağ,Karaman,171.07,2249.03,3616.64,2932.83
2026-05-16,Tekirdağ,Karaman,334.63,1648.79,2195.2,1921.99
2026-05-17,Tekirdağ,Karaman,233.41,233.41,1095.68,664.54
2026-05-11,Tekirdağ,Kütahya,5458.55,7017.64,8685.08,7851.36
2026-05-12,Tekirdağ,Kütahya,3023.43,4953.87,5761.24,5357.55
2026-05-13,Tekirdağ,Kütahya,2155.19,4326.1,5401.52,4863.81
2026-05-14,Tekirdağ,Kütahya,1559.95,3835.45,5380.01,4607.73
2026-05-15,Tekirdağ,Kütahya,563.23,3139.36,4743.49,3941.43
2026-05-16,Tekirdağ,Kütahya,809.45,2057.99,2780.73,2419.36
2026-05-17,Tekirdağ,Kütahya,339.34,499.0,1014.09,756.54
2026-05-11,Tekirdağ,Manisa,14267.4,20258.31,25388.83,22823.57
2026-05-12,Tekirdağ,Manisa,12472.41,17775.71,23275.52,20525.61
2026-05-13,Tekirdağ,Manisa,8620.78,13897.8,18327.22,16112.51
2026-05-14,Tekirdağ,Manisa,6707.38,10671.55,13365.79,12018.67
2026-05-15,Tekirdağ,Manisa,5799.4,9218.79,12083.95,10651.37
2026-05-16,Tekirdağ,Manisa,1574.35,4512.31,6779.58,5645.94
2026-05-17,Tekirdağ,Manisa,712.79,1467.78,2941.92,2204.85
2026-05-11,Tekirdağ,Mersin,8724.17,10921.52,13835.16,12378.34
2026-05-12,Tekirdağ,Mersin,4461.8,7014.67,9299.76,8157.21
2026-05-13,Tekirdağ,Mersin,3248.68,6069.91,7002.22,6536.07
2026-05-14,Tekirdağ,Mersin,2216.48,4561.86,6133.39,5347.63
2026-05-15,Tekirdağ,Mersin,877.15,3513.69,5358.54,4436.12
2026-05-16,Tekirdağ,Mersin,57.42,1533.92,1874.28,1704.1
2026-05-17,Tekirdağ,Mersin,62.4,517.8,1089.64,803.72
2026-05-11,Tekirdağ,Yalova,17309.32,24322.16,31694.33,28008.24
2026-05-12,Tekirdağ,Yalova,15345.06,21810.66,28043.93,24927.29
2026-05-13,Tekirdağ,Yalova,13053.42,19505.48,25905.2,22705.34
2026-05-14,Tekirdağ,Yalova,9434.93,15277.95,19612.95,17445.45
2026-05-15,Tekirdağ,Yalova,7350.39,12685.3,16702.69,14693.99
2026-05-16,Tekirdağ,Yalova,2043.68,4584.56,7099.14,5841.85
2026-05-17,Tekirdağ,Yalova,1333.22,2606.47,4612.52,3609.5
2026-05-11,Tekirdağ,Zonguldak,3615.07,5861.91,8242.33,7052.12
2026-05-12,Tekirdağ,Zonguldak,1773.89,4012.45,4942.0,4477.23
2026-05-13,Tekirdağ,Zonguldak,1391.04,3362.69,4774.9,4068.79
2026-05-14,Tekirdağ,Zonguldak,882.58,2876.4,4863.82,3870.11
2026-05-15,Tekirdağ,Zonguldak,363.56,2389.78,4486.21,3437.99
2026-05-16,Tekirdağ,Zonguldak,324.55,1635.84,2201.22,1918.53
2026-05-17,Tekirdağ,Zonguldak,5.44,159.07,942.66,550.86
2026-05-11,Tekirdağ,İstanbul,13940.43,20061.12,25331.03,22696.08
2026-05-12,Tekirdağ,İstanbul,12304.01,16936.73,21776.52,19356.63
2026-05-13,Tekirdağ,İstanbul,8881.9,13703.14,17990.6,15846.87
2026-05-14,Tekirdağ,İstanbul,7020.13,10876.03,13434.76,12155.39
2026-05-15,Tekirdağ,İstanbul,5799.5,9272.99,12094.22,10683.61
2026-05-16,Tekirdağ,İstanbul,1965.9,4500.91,7167.75,5834.33
2026-05-17,Tekirdağ,İstanbul,1171.19,1778.4,3346.8,2562.6
2026-05-11,Tekirdağ,Şanlıurfa,6003.82,7945.77,10467.28,9206.53
2026-05-12,Tekirdağ,Şanlıurfa,3074.47,5436.26,6701.98,6069.12
2026-05-13,Tekirdağ,Şanlıurfa,2589.47,5119.92,6094.31,5607.12
2026-05-14,Tekirdağ,Şanlıurfa,1777.73,4094.04,5610.92,4852.48
2026-05-15,Tekirdağ,Şanlıurfa,898.91,3580.82,5214.32,4397.57
2026-05-16,Tekirdağ,Şanlıurfa,571.83,2311.9,2993.72,2652.81
2026-05-17,Tekirdağ,Şanlıurfa,308.77,942.98,1971.26,1457.12
2026-05-11,Yalova,Balıkesir,18525.05,25334.42,33913.25,29623.83
2026-05-12,Yalova,Balıkesir,13665.46,21105.69,27096.38,24101.04
2026-05-13,Yalova,Balıkesir,9831.57,16217.15,21420.44,18818.8
2026-05-14,Yalova,Balıkesir,7159.59,11511.64,14443.97,12977.8
2026-05-15,Yalova,Balıkesir,6810.41,11070.0,13866.53,12468.26
2026-05-16,Yalova,Balıkesir,2493.91,5145.03,7689.7,6417.37
2026-05-17,Yalova,Balıkesir,1736.96,3089.69,5277.86,4183.78
2026-05-11,Yalova,Bilecik,10603.6,14987.01,18676.75,16831.88
2026-05-12,Yalova,Bilecik,6990.93,11372.5,13950.4,12661.45
2026-05-13,Yalova,Bilecik,6192.83,10574.37,12788.45,11681.41
2026-05-14,Yalova,Bilecik,4057.23,5770.96,8156.4,6963.68
2026-05-15,Yalova,Bilecik,3308.42,5249.19,7474.9,6362.04
2026-05-16,Yalova,Bilecik,1246.2,3468.51,4589.4,4028.95
2026-05-17,Yalova,Bilecik,395.21,1092.46,2083.95,1588.2
2026-05-11,Yalova,Eskişehir,20673.82,30209.26,39410.81,34810.03
2026-05-12,Yalova,Eskişehir,16668.24,23863.12,31128.87,27495.99
2026-05-13,Yalova,Eskişehir,14998.97,21815.72,29871.1,25843.41
2026-05-14,Yalova,Eskişehir,10759.38,16413.13,20711.57,18562.35
2026-05-15,Yalova,Eskişehir,9194.37,13816.42,16919.71,15368.06
2026-05-16,Yalova,Eskişehir,3283.43,5469.03,8171.37,6820.2
2026-05-17,Yalova,Eskişehir,3127.82,3697.46,6208.86,4953.16
2026-05-11,Yalova,Kütahya,7577.95,9932.16,12540.3,11236.23
2026-05-12,Yalova,Kütahya,4690.73,7110.27,8458.71,7784.49
2026-05-13,Yalova,Kütahya,3941.24,6708.27,8242.84,7475.56
2026-05-14,Yalova,Kütahya,2563.7,4864.65,6604.78,5734.72
2026-05-15,Yalova,Kütahya,1777.74,4297.97,6022.72,5160.35
2026-05-16,Yalova,Kütahya,1329.76,2647.58,3404.73,3026.16
2026-05-17,Yalova,Kütahya,461.31,843.28,1328.33,1085.81
2026-05-11,Yalova,Manisa,18016.67,25890.37,33905.99,29898.18
2026-05-12,Yalova,Manisa,15883.77,22876.17,29403.59,26139.88
2026-05-13,Yalova,Manisa,13154.58,20926.09,27065.53,23995.81
2026-05-14,Yalova,Manisa,9660.21,15708.6,19645.58,17677.09
2026-05-15,Yalova,Manisa,7652.12,12557.81,16104.67,14331.24
2026-05-16,Yalova,Manisa,2378.46,4926.6,7313.34,6119.97
2026-05-17,Yalova,Manisa,922.98,2139.19,3889.23,3014.21
2026-05-11,Yalova,Mersin,8763.19,11479.47,16178.42,13828.94
2026-05-12,Yalova,Mersin,6994.18,11292.52,13872.12,12582.32
2026-05-13,Yalova,Mersin,6323.62,10363.87,12652.57,11508.22
2026-05-14,Yalova,Mersin,3490.43,5836.59,8431.34,7133.96
2026-05-15,Yalova,Mersin,2508.16,4923.62,7551.37,6237.5
2026-05-16,Yalova,Mersin,1463.62,3090.08,4517.0,3803.54
2026-05-17,Yalova,Mersin,10.82,501.54,1047.21,774.37
2026-05-11,Yalova,Tekirdağ,20287.7,30206.67,39388.61,34797.64
2026-05-12,Yalova,Tekirdağ,17344.68,25479.48,32983.01,29231.25
2026-05-13,Yalova,Tekirdağ,15479.91,22761.59,30078.05,26419.82
2026-05-14,Yalova,Tekirdağ,8918.2,15187.49,20103.63,17645.56
2026-05-15,Yalova,Tekirdağ,7771.23,12968.11,16653.63,14810.87
2026-05-16,Yalova,Tekirdağ,3408.37,5472.01,7844.87,6658.44
2026-05-17,Yalova,Tekirdağ,2933.04,3346.72,5464.84,4405.78
2026-05-11,Yalova,İstanbul,19778.82,29274.12,37825.93,33550.02
2026-05-12,Yalova,İstanbul,16357.33,23450.9,30834.07,27142.48
2026-05-13,Yalova,İstanbul,14492.91,21619.69,28294.05,24956.87
2026-05-14,Yalova,İstanbul,8993.59,15258.67,19639.64,17449.16
2026-05-15,Yalova,İstanbul,7639.22,12509.58,15819.63,14164.6
2026-05-16,Yalova,İstanbul,3144.89,5183.5,7627.56,6405.53
2026-05-17,Yalova,İstanbul,2933.04,3346.72,5505.71,4426.21
2026-05-11,İstanbul,Balıkesir,19710.97,36883.74,49375.19,43129.47
2026-05-12,İstanbul,Balıkesir,18833.67,29186.05,38269.18,33727.61
2026-05-13,İstanbul,Balıkesir,18431.24,27827.21,36228.34,32027.77
2026-05-14,İstanbul,Balıkesir,15950.34,24382.79,31999.48,28191.13
2026-05-15,İstanbul,Balıkesir,12247.38,19675.32,29052.12,24363.72
2026-05-16,İstanbul,Balıkesir,6495.47,8957.4,12167.69,10562.54
2026-05-17,İstanbul,Balıkesir,4124.82,5537.53,7512.42,6524.97
2026-05-11,İstanbul,Bilecik,15520.27,23322.51,31638.93,27480.72
2026-05-12,İstanbul,Bilecik,12039.01,20321.78,27517.34,23919.56
2026-05-13,İstanbul,Bilecik,10774.79,18134.31,24445.79,21290.05
2026-05-14,İstanbul,Bilecik,7782.56,13677.27,18552.6,16114.93
2026-05-15,İstanbul,Bilecik,6841.98,12206.35,15709.39,13957.87
2026-05-16,İstanbul,Bilecik,2716.65,5890.06,9168.17,7529.11
2026-05-17,İstanbul,Bilecik,1766.52,3563.91,6497.83,5030.87
2026-05-11,İstanbul,Denizli,6753.84,9780.96,14082.14,11931.55
2026-05-12,İstanbul,Denizli,2929.36,6541.28,8540.23,7540.75
2026-05-13,İstanbul,Denizli,2640.16,5983.73,7969.36,6976.55
2026-05-14,İstanbul,Denizli,1857.41,4250.85,7137.21,5694.03
2026-05-15,İstanbul,Denizli,782.99,3694.19,7395.48,5544.84
2026-05-16,İstanbul,Denizli,929.67,3051.71,5042.41,4047.06
2026-05-17,İstanbul,Denizli,400.51,1324.46,3158.15,2241.3
2026-05-11,İstanbul,Erzincan,10815.43,18172.17,24973.27,21572.72
2026-05-12,İstanbul,Erzincan,5556.45,12450.45,15692.61,14071.53
2026-05-13,İstanbul,Erzincan,5203.55,10798.35,14236.94,12517.64
2026-05-14,İstanbul,Erzincan,2520.91,6755.37,11067.42,8911.39
2026-05-15,İstanbul,Erzincan,2793.82,6350.44,9996.93,8173.69
2026-05-16,İstanbul,Erzincan,1239.79,4850.33,6579.25,5714.79
2026-05-17,İstanbul,Erzincan,716.21,2303.91,4062.49,3183.2
2026-05-11,İstanbul,Eskişehir,19795.1,38607.21,49792.86,44200.03
2026-05-12,İstanbul,Eskişehir,18915.32,31689.68,40631.67,36160.67
2026-05-13,İstanbul,Eskişehir,16312.36,27925.09,37618.03,32771.56
2026-05-14,İstanbul,Eskişehir,16848.05,25334.51,33083.6,29209.06
2026-05-15,İstanbul,Eskişehir,14103.25,21651.12,30949.68,26300.4
2026-05-16,İstanbul,Eskişehir,6420.76,8970.1,12295.42,10632.76
2026-05-17,İstanbul,Eskişehir,3994.4,5516.99,7694.8,6605.89
2026-05-11,İstanbul,Isparta,8412.87,13434.64,17087.82,15261.23
2026-05-12,İstanbul,Isparta,4679.04,9883.48,12153.34,11018.41
2026-05-13,İstanbul,Isparta,4142.9,9149.81,11598.45,10374.13
2026-05-14,İstanbul,Isparta,3609.2,7163.14,10321.63,8742.39
2026-05-15,İstanbul,Isparta,2226.63,5732.63,8990.87,7361.75
2026-05-16,İstanbul,Isparta,1182.92,3684.92,6230.01,4957.46
2026-05-17,İstanbul,Isparta,331.66,1669.29,3822.53,2745.91
2026-05-11,İstanbul,Karaman,6240.35,10437.32,14809.41,12623.37
2026-05-12,İstanbul,Karaman,2843.18,6254.07,8420.52,7337.29
2026-05-13,İstanbul,Karaman,2313.59,5573.03,7852.22,6712.62
2026-05-14,İstanbul,Karaman,1059.93,4052.72,6256.7,5154.71
2026-05-15,İstanbul,Karaman,815.87,3840.67,6636.12,5238.4
2026-05-16,İstanbul,Karaman,287.02,2844.65,4818.93,3831.79
2026-05-17,İstanbul,Karaman,160.11,1100.48,2148.0,1624.24
2026-05-11,İstanbul,Kütahya,10751.28,16817.2,22861.05,19839.13
2026-05-12,İstanbul,Kütahya,7410.41,12893.52,16548.67,14721.1
2026-05-13,İstanbul,Kütahya,7268.47,11984.98,15446.14,13715.56
2026-05-14,İstanbul,Kütahya,5400.32,8356.18,11066.61,9711.39
2026-05-15,İstanbul,Kütahya,4270.79,7291.27,10578.3,8934.78
2026-05-16,İstanbul,Kütahya,1770.85,4942.96,7181.36,6062.16
2026-05-17,İstanbul,Kütahya,795.45,2108.21,3381.8,2745.0
2026-05-11,İstanbul,Manisa,20117.53,37603.39,49581.37,43592.38
2026-05-12,İstanbul,Manisa,20028.0,30825.1,40448.09,35636.59
2026-05-13,İstanbul,Manisa,19087.84,28769.8,37756.57,33263.18
2026-05-14,İstanbul,Manisa,19110.22,27738.04,35805.79,31771.91
2026-05-15,İstanbul,Manisa,15007.77,23001.17,32682.38,27841.77
2026-05-16,İstanbul,Manisa,5984.32,8899.64,11639.58,10269.61
2026-05-17,İstanbul,Manisa,3792.25,5490.52,6638.16,6064.34
2026-05-11,İstanbul,Mardin,10969.22,17185.99,23447.48,20316.74
2026-05-12,İstanbul,Mardin,8132.3,14955.79,20266.89,17611.34
2026-05-13,İstanbul,Mardin,7445.3,13574.22,18520.9,16047.56
2026-05-14,İstanbul,Mardin,5313.99,9303.8,11911.87,10607.84
2026-05-15,İstanbul,Mardin,4679.37,8524.06,10676.9,9600.48
2026-05-16,İstanbul,Mardin,1301.49,5054.16,7077.32,6065.74
2026-05-17,İstanbul,Mardin,842.19,2512.51,3499.3,3005.9
2026-05-11,İstanbul,Mersin,16505.34,24869.84,34453.18,29661.51
2026-05-12,İstanbul,Mersin,12983.76,21905.4,28771.5,25338.45
2026-05-13,İstanbul,Mersin,12557.45,20632.82,27368.38,24000.6
2026-05-14,İstanbul,Mersin,8580.54,15013.09,20655.43,17834.26
2026-05-15,İstanbul,Mersin,6831.11,12890.2,17901.49,15395.84
2026-05-16,İstanbul,Mersin,2864.99,6333.16,9686.04,8009.6
2026-05-17,İstanbul,Mersin,1747.72,3391.5,6135.42,4763.46
2026-05-11,İstanbul,Sivas,9863.9,15166.84,19656.67,17411.75
2026-05-12,İstanbul,Sivas,5771.07,10797.75,13919.4,12358.57
2026-05-13,İstanbul,Sivas,4954.22,10110.52,12986.73,11548.62
2026-05-14,İstanbul,Sivas,3622.99,6398.03,8475.92,7436.97
2026-05-15,İstanbul,Sivas,3201.56,5980.89,8664.0,7322.45
2026-05-16,İstanbul,Sivas,1159.46,3811.27,4675.82,4243.54
2026-05-17,İstanbul,Sivas,619.84,2038.33,2785.1,2411.72
2026-05-11,İstanbul,Tekirdağ,20686.75,31079.31,42352.29,36715.8
2026-05-12,İstanbul,Tekirdağ,17341.07,27443.66,35298.5,31371.08
2026-05-13,İstanbul,Tekirdağ,16047.4,24843.72,34045.57,29444.65
2026-05-14,İstanbul,Tekirdağ,12810.4,19778.92,26194.88,22986.9
2026-05-15,İstanbul,Tekirdağ,10079.7,16357.37,22810.97,19584.17
2026-05-16,İstanbul,Tekirdağ,4509.96,8078.15,11412.89,9745.52
2026-05-17,İstanbul,Tekirdağ,2996.97,4056.17,7396.18,5726.17
2026-05-11,İstanbul,Yalova,20898.5,36896.88,49153.43,43025.15
2026-05-12,İstanbul,Yalova,19335.3,29920.69,38929.34,34425.01
2026-05-13,İstanbul,Yalova,17591.45,28321.21,37129.61,32725.41
2026-05-14,İstanbul,Yalova,17212.24,25734.84,33108.56,29421.7
2026-05-15,İstanbul,Yalova,13475.04,20798.26,29766.63,25282.45
2026-05-16,İstanbul,Yalova,5911.45,8209.8,10751.73,9480.77
2026-05-17,İstanbul,Yalova,3718.11,5367.09,6448.03,5907.56
2026-05-11,İstanbul,Zonguldak,9393.61,14737.81,18929.79,16833.8
2026-05-12,İstanbul,Zonguldak,5399.81,9931.74,12749.2,11340.47
2026-05-13,İstanbul,Zonguldak,4582.94,9502.46,12162.83,10832.65
2026-05-14,İstanbul,Zonguldak,3130.53,5937.29,8007.24,6972.27
2026-05-15,İstanbul,Zonguldak,3135.25,5868.78,7903.99,6886.38
2026-05-16,İstanbul,Zonguldak,1301.85,3513.46,5845.3,4679.38
2026-05-17,İstanbul,Zonguldak,636.33,1601.18,3757.87,2679.52
2026-05-11,İstanbul,Şanlıurfa,10376.09,18194.63,24772.67,21483.65
2026-05-12,İstanbul,Şanlıurfa,7980.04,14725.32,20073.83,17399.58
2026-05-13,İstanbul,Şanlıurfa,5221.28,12930.92,17810.38,15370.65
2026-05-14,İstanbul,Şanlıurfa,3538.89,8896.13,11482.57,10189.35
2026-05-15,İstanbul,Şanlıurfa,4824.28,8992.79,11851.01,10421.9
2026-05-16,İstanbul,Şanlıurfa,1621.64,4762.52,6877.04,5819.78
2026-05-17,İstanbul,Şanlıurfa,1230.43,2253.78,4388.58,3321.18
2026-05-11,Şanlıurfa,Eskişehir,4579.51,6938.67,8774.49,7856.58
2026-05-12,Şanlıurfa,Eskişehir,2013.38,4328.8,5587.77,4958.28
2026-05-13,Şanlıurfa,Eskişehir,1397.87,3933.49,5249.67,4591.58
2026-05-14,Şanlıurfa,Eskişehir,194.62,2882.59,3343.77,3113.18
2026-05-15,Şanlıurfa,Eskişehir,28.02,2511.0,3272.32,2891.66
2026-05-16,Şanlıurfa,Eskişehir,118.29,1970.98,2402.69,2186.84
2026-05-17,Şanlıurfa,Eskişehir,0.0,171.24,531.26,351.25
2026-05-11,Şanlıurfa,Manisa,3526.67,5865.61,8950.94,7408.28
2026-05-12,Şanlıurfa,Manisa,1810.49,4319.95,5733.92,5026.94
2026-05-13,Şanlıurfa,Manisa,1135.65,4297.65,6198.18,5247.92
2026-05-14,Şanlıurfa,Manisa,326.09,2598.97,4346.16,3472.56
2026-05-15,Şanlıurfa,Manisa,186.92,2990.27,4940.4,3965.33
2026-05-16,Şanlıurfa,Manisa,304.77,1712.79,2910.55,2311.67
2026-05-17,Şanlıurfa,Manisa,0.0,89.37,949.34,519.35
2026-05-11,Şanlıurfa,Tekirdağ,4967.92,7185.33,9122.62,8153.98
2026-05-12,Şanlıurfa,Tekirdağ,2008.74,4344.34,5380.59,4862.47
2026-05-13,Şanlıurfa,Tekirdağ,1474.35,3910.85,5177.69,4544.27
2026-05-14,Şanlıurfa,Tekirdağ,704.68,2696.95,3728.07,3212.51
2026-05-15,Şanlıurfa,Tekirdağ,280.42,2605.26,4435.45,3520.35
2026-05-16,Şanlıurfa,Tekirdağ,723.66,1926.71,2618.95,2272.83
2026-05-17,Şanlıurfa,Tekirdağ,269.38,564.06,1061.23,812.64
