date,source,destination,q10,q50,q90,forecast_demand
2026-05-11,Balıkesir,Bilecik,8027.5,9058.2,11266.85,11266.85
2026-05-11,Balıkesir,Eskişehir,14136.85,15901.8,19683.84,19683.84
2026-05-11,Balıkesir,Manisa,14464.59,16290.95,20204.59,20204.59
2026-05-11,Balıkesir,Tekirdağ,13559.58,15251.6,18877.36,18877.36
2026-05-11,Balıkesir,Yalova,17157.51,19283.55,23839.34,23839.34
2026-05-11,Balıkesir,İstanbul,13347.55,14979.99,18478.08,18478.08
2026-05-11,Bilecik,Eskişehir,9817.34,11042.96,13669.28,13669.28
2026-05-11,Bilecik,Manisa,9786.45,11056.14,13776.9,13776.9
2026-05-11,Eskişehir,Balıkesir,11203.42,12898.34,16530.32,16530.32
2026-05-11,Eskişehir,Bilecik,9500.45,10711.58,13306.86,13306.86
2026-05-11,Eskişehir,Erzincan,6982.36,7925.5,9946.52,9946.52
2026-05-11,Eskişehir,Isparta,4604.48,5232.42,6578.0,6578.0
2026-05-11,Eskişehir,Kütahya,6657.86,7501.14,9308.18,9308.18
2026-05-11,Eskişehir,Manisa,15766.2,17700.48,21845.37,21845.37
2026-05-11,Eskişehir,Mardin,7643.0,8615.93,10700.79,10700.79
2026-05-11,Eskişehir,Mersin,8319.45,9380.58,11654.43,11654.43
2026-05-11,Eskişehir,Tekirdağ,14784.85,16603.2,20499.67,20499.67
2026-05-11,Eskişehir,Yalova,22084.61,24972.3,31160.21,31160.21
2026-05-11,Eskişehir,İstanbul,14305.66,16104.0,19957.58,19957.58
2026-05-11,Eskişehir,Şanlıurfa,7716.54,8753.5,10975.56,10975.56
2026-05-11,Kocaeli,Balıkesir,24426.79,27619.27,34460.3,34460.3
2026-05-11,Kocaeli,Bilecik,13547.8,15372.56,19282.77,19282.77
2026-05-11,Kocaeli,Erzincan,11147.78,12453.3,15250.83,15250.83
2026-05-11,Kocaeli,Eskişehir,16568.62,18886.4,23853.07,23853.07
2026-05-11,Kocaeli,Isparta,6638.81,7610.05,9691.29,9691.29
2026-05-11,Kocaeli,Kütahya,9369.83,10632.09,13336.94,13336.94
2026-05-11,Kocaeli,Manisa,15285.71,17253.21,21469.28,21469.28
2026-05-11,Kocaeli,Mardin,10099.84,11385.51,14140.52,14140.52
2026-05-11,Kocaeli,Mersin,16248.23,18493.05,23303.39,23303.39
2026-05-11,Kocaeli,Sivas,7107.84,8138.0,10345.48,10345.48
2026-05-11,Kocaeli,Tekirdağ,26128.97,29664.75,37241.42,37241.42
2026-05-11,Kocaeli,Yalova,33571.54,37903.85,47187.36,47187.36
2026-05-11,Kocaeli,İstanbul,23314.82,26457.96,33193.27,33193.27
2026-05-11,Kocaeli,Şanlıurfa,10257.41,11768.8,15007.48,15007.48
2026-05-11,Kütahya,Eskişehir,4658.35,5233.98,6467.47,6467.47
2026-05-11,Manisa,Balıkesir,23589.35,26628.12,33139.77,33139.77
2026-05-11,Manisa,Bilecik,17783.63,20052.95,24915.77,24915.77
2026-05-11,Manisa,Denizli,7809.94,8812.8,10961.78,10961.78
2026-05-11,Manisa,Eskişehir,23178.83,25796.88,31406.99,31406.99
2026-05-11,Manisa,Isparta,14219.89,16006.2,19834.01,19834.01
2026-05-11,Manisa,Kütahya,14866.49,16645.22,20456.78,20456.78
2026-05-11,Manisa,Mersin,10808.88,12910.9,17415.22,17415.22
2026-05-11,Manisa,Sivas,7680.74,8831.86,11298.55,11298.55
2026-05-11,Manisa,Tekirdağ,21816.42,24868.8,31409.6,31409.6
2026-05-11,Manisa,Yalova,29589.45,33265.32,41142.18,41142.18
2026-05-11,Manisa,İstanbul,21379.49,23974.34,29534.73,29534.73
2026-05-11,Mersin,Eskişehir,6074.23,6803.17,8365.18,8365.18
2026-05-11,Mersin,Manisa,5454.92,6339.06,8233.65,8233.65
2026-05-11,Sivas,Eskişehir,10457.8,11695.65,14348.18,14348.18
2026-05-11,Tekirdağ,Balıkesir,21595.48,24270.68,30003.25,30003.25
2026-05-11,Tekirdağ,Bilecik,13375.58,15034.7,18589.96,18589.96
2026-05-11,Tekirdağ,Denizli,5745.25,6552.28,8281.64,8281.64
2026-05-11,Tekirdağ,Eskişehir,28478.32,31858.8,39102.69,39102.69
2026-05-11,Tekirdağ,Isparta,7804.81,8952.56,11412.03,11412.03
2026-05-11,Tekirdağ,Karaman,6948.73,7889.8,9906.37,9906.37
2026-05-11,Tekirdağ,Kütahya,8778.61,9872.52,12216.61,12216.61
2026-05-11,Tekirdağ,Manisa,24044.17,27047.79,33484.13,33484.13
2026-05-11,Tekirdağ,Mersin,13521.02,15350.67,19271.36,19271.36
2026-05-11,Tekirdağ,Yalova,34327.96,38498.54,47435.49,47435.49
2026-05-11,Tekirdağ,Zonguldak,5108.2,5811.0,7316.99,7316.99
2026-05-11,Tekirdağ,İstanbul,24383.46,27392.85,33841.54,33841.54
2026-05-11,Tekirdağ,Şanlıurfa,10081.28,11479.65,14476.17,14476.17
2026-05-11,Yalova,Balıkesir,29004.63,32772.6,40846.83,40846.83
2026-05-11,Yalova,Bilecik,16401.06,18517.72,23053.41,23053.41
2026-05-11,Yalova,Eskişehir,37501.62,42281.1,52522.84,52522.84
2026-05-11,Yalova,Kütahya,11190.33,12619.2,15681.06,15681.06
2026-05-11,Yalova,Manisa,30220.38,34294.91,43026.05,43026.05
2026-05-11,Yalova,Mersin,16517.42,18661.44,23255.78,23255.78
2026-05-11,Yalova,Tekirdağ,33775.46,38232.98,47784.8,47784.8
2026-05-11,Yalova,İstanbul,30867.32,35050.07,44013.1,44013.1
2026-05-11,İstanbul,Balıkesir,39652.23,45043.3,56595.6,56595.6
2026-05-11,İstanbul,Bilecik,23085.93,26148.24,32710.32,32710.32
2026-05-11,İstanbul,Denizli,11935.29,13597.48,17159.31,17159.31
2026-05-11,İstanbul,Erzincan,19129.13,21735.06,27319.19,27319.19
2026-05-11,İstanbul,Eskişehir,44574.85,50482.5,63141.76,63141.76
2026-05-11,İstanbul,Isparta,12966.51,14895.06,19027.68,19027.68
2026-05-11,İstanbul,Karaman,10818.68,12320.2,15537.74,15537.74
2026-05-11,İstanbul,Kütahya,17161.43,19340.08,24008.62,24008.62
2026-05-11,İstanbul,Manisa,40525.38,46311.88,58711.52,58711.52
2026-05-11,İstanbul,Mardin,17753.91,20134.35,25235.29,25235.29
2026-05-11,İstanbul,Mersin,25611.12,29094.88,36560.09,36560.09
2026-05-11,İstanbul,Sivas,14944.85,16863.82,20975.9,20975.9
2026-05-11,İstanbul,Tekirdağ,37637.31,42506.46,52940.35,52940.35
2026-05-11,İstanbul,Yalova,46776.79,52981.04,66275.86,66275.86
2026-05-11,İstanbul,Zonguldak,10897.91,12473.05,15848.36,15848.36
2026-05-11,İstanbul,Şanlıurfa,16135.14,18604.14,23894.86,23894.86
2026-05-11,Şanlıurfa,Eskişehir,7831.39,8804.41,10889.46,10889.46
2026-05-11,Şanlıurfa,Manisa,7321.75,8585.52,11293.59,11293.59
2026-05-11,Şanlıurfa,Tekirdağ,7202.56,8214.04,10381.49,10381.49
2026-05-12,Balıkesir,Bilecik,5066.38,6097.08,8305.73,8305.73
2026-05-12,Balıkesir,Eskişehir,8815.85,10580.8,14362.84,14362.84
2026-05-12,Balıkesir,Manisa,9406.1,11232.46,15146.1,15146.1
2026-05-12,Balıkesir,Tekirdağ,8514.54,10206.56,13832.32,13832.32
2026-05-12,Balıkesir,Yalova,10429.58,12555.62,17111.41,17111.41
2026-05-12,Balıkesir,İstanbul,8427.09,10059.53,13557.62,13557.62
2026-05-12,Bilecik,Eskişehir,6936.18,8161.8,10788.12,10788.12
2026-05-12,Bilecik,Manisa,7506.39,8776.08,11496.84,11496.84
2026-05-12,Eskişehir,Balıkesir,8911.26,10606.18,14238.16,14238.16
2026-05-12,Eskişehir,Bilecik,5842.05,7053.18,9648.46,9648.46
2026-05-12,Eskişehir,Erzincan,4092.11,5035.25,7056.27,7056.27
2026-05-12,Eskişehir,Isparta,3426.14,4054.08,5399.66,5399.66
2026-05-12,Eskişehir,Kütahya,4045.25,4888.53,6695.57,6695.57
2026-05-12,Eskişehir,Manisa,9430.92,11365.2,15510.09,15510.09
2026-05-12,Eskişehir,Mardin,5021.48,5994.41,8079.27,8079.27
2026-05-12,Eskişehir,Mersin,5264.82,6325.95,8599.8,8599.8
2026-05-12,Eskişehir,Tekirdağ,9240.85,11059.2,14955.67,14955.67
2026-05-12,Eskişehir,Yalova,14314.01,17201.7,23389.61,23389.61
2026-05-12,Eskişehir,İstanbul,8840.06,10638.4,14491.98,14491.98
2026-05-12,Eskişehir,Şanlıurfa,4956.29,5993.25,8215.31,8215.31
2026-05-12,Kocaeli,Balıkesir,20538.28,23730.76,30571.79,30571.79
2026-05-12,Kocaeli,Bilecik,12376.18,14200.94,18111.15,18111.15
2026-05-12,Kocaeli,Erzincan,9305.13,10610.65,13408.18,13408.18
2026-05-12,Kocaeli,Eskişehir,16324.22,18642.0,23608.67,23608.67
2026-05-12,Kocaeli,Isparta,6972.01,7943.25,10024.49,10024.49
2026-05-12,Kocaeli,Kütahya,8371.04,9633.3,12338.15,12338.15
2026-05-12,Kocaeli,Manisa,12005.42,13972.92,18188.99,18188.99
2026-05-12,Kocaeli,Mardin,8128.72,9414.39,12169.4,12169.4
2026-05-12,Kocaeli,Mersin,14366.33,16611.15,21421.49,21421.49
2026-05-12,Kocaeli,Sivas,6776.06,7806.22,10013.7,10013.7
2026-05-12,Kocaeli,Tekirdağ,23720.27,27256.05,34832.72,34832.72
2026-05-12,Kocaeli,Yalova,27845.58,32177.89,41461.4,41461.4
2026-05-12,Kocaeli,İstanbul,21315.02,24458.16,31193.47,31193.47
2026-05-12,Kocaeli,Şanlıurfa,9406.05,10917.44,14156.12,14156.12
2026-05-12,Kütahya,Eskişehir,3059.77,3635.4,4868.89,4868.89
2026-05-12,Manisa,Balıkesir,18613.25,21652.02,28163.67,28163.67
2026-05-12,Manisa,Bilecik,14130.92,16400.24,21263.06,21263.06
2026-05-12,Manisa,Denizli,4871.26,5874.12,8023.1,8023.1
2026-05-12,Manisa,Eskişehir,15350.99,17969.04,23579.15,23579.15
2026-05-12,Manisa,Isparta,10610.17,12396.48,16224.29,16224.29
2026-05-12,Manisa,Kütahya,11414.18,13192.91,17004.47,17004.47
2026-05-12,Manisa,Mersin,2380.28,4482.3,8986.62,8986.62
2026-05-12,Manisa,Sivas,5346.58,6497.7,8964.39,8964.39
2026-05-12,Manisa,Tekirdağ,16513.32,19565.7,26106.5,26106.5
2026-05-12,Manisa,Yalova,20314.85,23990.72,31867.58,31867.58
2026-05-12,Manisa,İstanbul,13084.97,15679.82,21240.21,21240.21
2026-05-12,Mersin,Eskişehir,3663.14,4392.08,5954.09,5954.09
2026-05-12,Mersin,Manisa,2955.8,3839.94,5734.53,5734.53
2026-05-12,Sivas,Eskişehir,7089.7,8327.55,10980.08,10980.08
2026-05-12,Tekirdağ,Balıkesir,12036.56,14711.76,20444.33,20444.33
2026-05-12,Tekirdağ,Bilecik,7938.77,9597.89,13153.15,13153.15
2026-05-12,Tekirdağ,Denizli,3352.09,4159.12,5888.48,5888.48
2026-05-12,Tekirdağ,Eskişehir,15799.74,19180.22,26424.11,26424.11
2026-05-12,Tekirdağ,Isparta,5011.13,6158.88,8618.35,8618.35
2026-05-12,Tekirdağ,Karaman,3763.97,4705.04,6721.61,6721.61
2026-05-12,Tekirdağ,Kütahya,5021.29,6115.2,8459.29,8459.29
2026-05-12,Tekirdağ,Manisa,13911.88,16915.5,23351.84,23351.84
2026-05-12,Tekirdağ,Mersin,7156.9,8986.55,12907.24,12907.24
2026-05-12,Tekirdağ,Yalova,18877.6,23048.18,31985.13,31985.13
2026-05-12,Tekirdağ,Zonguldak,3284.95,3987.75,5493.74,5493.74
2026-05-12,Tekirdağ,İstanbul,14080.36,17089.75,23538.44,23538.44
2026-05-12,Tekirdağ,Şanlıurfa,5229.58,6627.95,9624.47,9624.47
2026-05-12,Yalova,Balıkesir,14863.86,18631.83,26706.06,26706.06
2026-05-12,Yalova,Bilecik,9141.78,11258.44,15794.13,15794.13
2026-05-12,Yalova,Eskişehir,20226.21,25005.69,35247.43,35247.43
2026-05-12,Yalova,Kütahya,6170.81,7599.68,10661.54,10661.54
2026-05-12,Yalova,Manisa,17566.25,21640.78,30371.92,30371.92
2026-05-12,Yalova,Mersin,9165.74,11309.76,15904.1,15904.1
2026-05-12,Yalova,Tekirdağ,19613.86,24071.38,33623.2,33623.2
2026-05-12,Yalova,İstanbul,18062.51,22245.26,31208.29,31208.29
2026-05-12,İstanbul,Balıkesir,28239.65,33630.72,45183.02,45183.02
2026-05-12,İstanbul,Bilecik,15824.37,18886.68,25448.76,25448.76
2026-05-12,İstanbul,Denizli,8926.97,10589.16,14150.99,14150.99
2026-05-12,İstanbul,Erzincan,13230.32,15836.25,21420.38,21420.38
2026-05-12,İstanbul,Eskişehir,29745.45,35653.1,48312.36,48312.36
2026-05-12,İstanbul,Isparta,10625.61,12554.16,16686.78,16686.78
2026-05-12,İstanbul,Karaman,6988.12,8489.64,11707.18,11707.18
2026-05-12,İstanbul,Kütahya,12229.77,14408.42,19076.96,19076.96
2026-05-12,İstanbul,Manisa,30855.18,36641.68,49041.32,49041.32
2026-05-12,İstanbul,Mardin,12469.59,14850.03,19950.97,19950.97
2026-05-12,İstanbul,Mersin,18407.48,21891.24,29356.45,29356.45
2026-05-12,İstanbul,Sivas,10090.43,12009.4,16121.48,16121.48
2026-05-12,İstanbul,Tekirdağ,26367.33,31236.48,41670.37,41670.37
2026-05-12,İstanbul,Yalova,33500.45,39704.7,52999.52,52999.52
2026-05-12,İstanbul,Zonguldak,8340.7,9915.84,13291.15,13291.15
2026-05-12,İstanbul,Şanlıurfa,5532.3,8001.3,13292.02,13292.02
2026-05-12,Şanlıurfa,Eskişehir,4870.67,5843.69,7928.74,7928.74
2026-05-12,Şanlıurfa,Manisa,0.0,527.88,3235.95,3235.95
2026-05-12,Şanlıurfa,Tekirdağ,4572.96,5584.44,7751.89,7751.89
2026-05-13,Balıkesir,Bilecik,4567.9,5598.6,7807.25,7807.25
2026-05-13,Balıkesir,Eskişehir,7537.45,9302.4,13084.44,13084.44
2026-05-13,Balıkesir,Manisa,7997.63,9823.99,13737.63,13737.63
2026-05-13,Balıkesir,Tekirdağ,7771.98,9464.0,13089.76,13089.76
2026-05-13,Balıkesir,Yalova,8956.46,11082.5,15638.29,15638.29
2026-05-13,Balıkesir,İstanbul,6882.94,8515.38,12013.47,12013.47
2026-05-13,Bilecik,Eskişehir,4866.74,6092.36,8718.68,8718.68
2026-05-13,Bilecik,Manisa,5527.47,6797.16,9517.92,9517.92
2026-05-13,Eskişehir,Balıkesir,8792.7,10487.62,14119.6,14119.6
2026-05-13,Eskişehir,Bilecik,5903.92,7115.05,9710.33,9710.33
2026-05-13,Eskişehir,Erzincan,4320.36,5263.5,7284.52,7284.52
2026-05-13,Eskişehir,Isparta,3253.94,3881.88,5227.46,5227.46
2026-05-13,Eskişehir,Kütahya,4058.3,4901.58,6708.62,6708.62
2026-05-13,Eskişehir,Manisa,9168.84,11103.12,15248.01,15248.01
2026-05-13,Eskişehir,Mardin,4253.56,5226.49,7311.35,7311.35
2026-05-13,Eskişehir,Mersin,4908.33,5969.46,8243.31,8243.31
2026-05-13,Eskişehir,Tekirdağ,8727.25,10545.6,14442.07,14442.07
2026-05-13,Eskişehir,Yalova,13177.31,16065.0,22252.91,22252.91
2026-05-13,Eskişehir,İstanbul,8847.38,10645.72,14499.3,14499.3
2026-05-13,Eskişehir,Şanlıurfa,5041.69,6078.65,8300.71,8300.71
2026-05-13,Kocaeli,Balıkesir,24529.57,27722.05,34563.08,34563.08
2026-05-13,Kocaeli,Bilecik,14000.6,15825.36,19735.57,19735.57
2026-05-13,Kocaeli,Erzincan,9722.98,11028.5,13826.03,13826.03
2026-05-13,Kocaeli,Eskişehir,16937.82,19255.6,24222.27,24222.27
2026-05-13,Kocaeli,Isparta,7174.31,8145.55,10226.79,10226.79
2026-05-13,Kocaeli,Kütahya,7797.77,9060.03,11764.88,11764.88
2026-05-13,Kocaeli,Manisa,14317.34,16284.84,20500.91,20500.91
2026-05-13,Kocaeli,Mardin,9028.33,10314.0,13069.01,13069.01
2026-05-13,Kocaeli,Mersin,15731.63,17976.45,22786.79,22786.79
2026-05-13,Kocaeli,Sivas,7020.2,8050.36,10257.84,10257.84
2026-05-13,Kocaeli,Tekirdağ,24769.22,28305.0,35881.67,35881.67
2026-05-13,Kocaeli,Yalova,31666.6,35998.91,45282.42,45282.42
2026-05-13,Kocaeli,İstanbul,24096.56,27239.7,33975.01,33975.01
2026-05-13,Kocaeli,Şanlıurfa,9756.61,11268.0,14506.68,14506.68
2026-05-13,Kütahya,Eskişehir,2434.78,3010.41,4243.9,4243.9
2026-05-13,Manisa,Balıkesir,19632.41,22671.18,29182.83,29182.83
2026-05-13,Manisa,Bilecik,13166.2,15435.52,20298.34,20298.34
2026-05-13,Manisa,Denizli,5234.14,6237.0,8385.98,8385.98
2026-05-13,Manisa,Eskişehir,11197.31,13815.36,19425.47,19425.47
2026-05-13,Manisa,Isparta,11249.53,13035.84,16863.65,16863.65
2026-05-13,Manisa,Kütahya,11371.08,13149.81,16961.37,16961.37
2026-05-13,Manisa,Mersin,2135.73,4237.75,8742.07,8742.07
2026-05-13,Manisa,Sivas,5461.14,6612.26,9078.95,9078.95
2026-05-13,Manisa,Tekirdağ,17701.32,20753.7,27294.5,27294.5
2026-05-13,Manisa,Yalova,22283.53,25959.4,33836.26,33836.26
2026-05-13,Manisa,İstanbul,14731.03,17325.88,22886.27,22886.27
2026-05-13,Mersin,Eskişehir,3410.14,4139.08,5701.09,5701.09
2026-05-13,Mersin,Manisa,824.06,1708.2,3602.79,3602.79
2026-05-13,Sivas,Eskişehir,6693.15,7931.0,10583.53,10583.53
2026-05-13,Tekirdağ,Balıkesir,10925.24,13600.44,19333.01,19333.01
2026-05-13,Tekirdağ,Bilecik,7253.62,8912.74,12468.0,12468.0
2026-05-13,Tekirdağ,Denizli,2940.49,3747.52,5476.88,5476.88
2026-05-13,Tekirdağ,Eskişehir,13868.73,17249.21,24493.1,24493.1
2026-05-13,Tekirdağ,Isparta,4400.13,5547.88,8007.35,8007.35
2026-05-13,Tekirdağ,Karaman,3259.27,4200.34,6216.91,6216.91
2026-05-13,Tekirdağ,Kütahya,3951.13,5045.04,7389.13,7389.13
2026-05-13,Tekirdağ,Manisa,12348.85,15352.47,21788.81,21788.81
2026-05-13,Tekirdağ,Mersin,1812.72,3642.37,7563.06,7563.06
2026-05-13,Tekirdağ,Yalova,17259.73,21430.31,30367.26,30367.26
2026-05-13,Tekirdağ,Zonguldak,2820.85,3523.65,5029.64,5029.64
2026-05-13,Tekirdağ,İstanbul,12376.31,15385.7,21834.39,21834.39
2026-05-13,Tekirdağ,Şanlıurfa,1608.06,3006.43,6002.95,6002.95
2026-05-13,Yalova,Balıkesir,14949.54,18717.51,26791.74,26791.74
2026-05-13,Yalova,Bilecik,8456.38,10573.04,15108.73,15108.73
2026-05-13,Yalova,Eskişehir,17374.77,22154.25,32395.99,32395.99
2026-05-13,Yalova,Kütahya,5544.25,6973.12,10034.98,10034.98
2026-05-13,Yalova,Manisa,15603.42,19677.95,28409.09,28409.09
2026-05-13,Yalova,Mersin,7993.1,10137.12,14731.46,14731.46
2026-05-13,Yalova,Tekirdağ,17836.98,22294.5,31846.32,31846.32
2026-05-13,Yalova,İstanbul,15755.62,19938.37,28901.4,28901.4
2026-05-13,İstanbul,Balıkesir,24999.19,30390.26,41942.56,41942.56
2026-05-13,İstanbul,Bilecik,14858.37,17920.68,24482.76,24482.76
2026-05-13,İstanbul,Denizli,8516.17,10178.36,13740.19,13740.19
2026-05-13,İstanbul,Erzincan,11827.46,14433.39,20017.52,20017.52
2026-05-13,İstanbul,Eskişehir,28794.1,34701.75,47361.01,47361.01
2026-05-13,İstanbul,Isparta,10625.61,12554.16,16686.78,16686.78
2026-05-13,İstanbul,Karaman,5893.29,7394.81,10612.35,10612.35
2026-05-13,İstanbul,Kütahya,10203.35,12382.0,17050.54,17050.54
2026-05-13,İstanbul,Manisa,25873.82,31660.32,44059.96,44059.96
2026-05-13,İstanbul,Mardin,11254.56,13635.0,18735.94,18735.94
2026-05-13,İstanbul,Mersin,16404.36,19888.12,27353.33,27353.33
2026-05-13,İstanbul,Sivas,8889.49,10808.46,14920.54,14920.54
2026-05-13,İstanbul,Tekirdağ,23324.07,28193.22,38627.11,38627.11
2026-05-13,İstanbul,Yalova,27696.26,33900.51,47195.33,47195.33
2026-05-13,İstanbul,Zonguldak,7126.26,8701.4,12076.71,12076.71
2026-05-13,İstanbul,Şanlıurfa,11388.0,13857.0,19147.72,19147.72
2026-05-13,Şanlıurfa,Eskişehir,4525.46,5498.48,7583.53,7583.53
2026-05-13,Şanlıurfa,Manisa,0.0,116.2,2824.27,2824.27
2026-05-13,Şanlıurfa,Tekirdağ,4019.36,5030.84,7198.29,7198.29
2026-05-14,Balıkesir,Bilecik,3161.74,4192.44,6401.09,6401.09
2026-05-14,Balıkesir,Eskişehir,5463.45,7228.4,11010.44,11010.44
2026-05-14,Balıkesir,Manisa,5653.71,7480.07,11393.71,11393.71
2026-05-14,Balıkesir,Tekirdağ,5012.86,6704.88,10330.64,10330.64
2026-05-14,Balıkesir,Yalova,6194.36,8320.4,12876.19,12876.19
2026-05-14,Balıkesir,İstanbul,5206.93,6839.37,10337.46,10337.46
2026-05-14,Bilecik,Eskişehir,3943.52,5169.14,7795.46,7795.46
2026-05-14,Bilecik,Manisa,4016.99,5286.68,8007.44,8007.44
2026-05-14,Eskişehir,Balıkesir,5270.48,6965.4,10597.38,10597.38
2026-05-14,Eskişehir,Bilecik,3612.04,4823.17,7418.45,7418.45
2026-05-14,Eskişehir,Erzincan,2384.36,3327.5,5348.52,5348.52
2026-05-14,Eskişehir,Isparta,1964.9,2592.84,3938.42,3938.42
2026-05-14,Eskişehir,Kütahya,2489.69,3332.97,5140.01,5140.01
2026-05-14,Eskişehir,Manisa,6031.44,7965.72,12110.61,12110.61
2026-05-14,Eskişehir,Mardin,2671.38,3644.31,5729.17,5729.17
2026-05-14,Eskişehir,Mersin,2885.89,3947.02,6220.87,6220.87
2026-05-14,Eskişehir,Tekirdağ,5496.85,7315.2,11211.67,11211.67
2026-05-14,Eskişehir,Yalova,7820.51,10708.2,16896.11,16896.11
2026-05-14,Eskişehir,İstanbul,5263.02,7061.36,10914.94,10914.94
2026-05-14,Eskişehir,Şanlıurfa,3104.94,4141.9,6363.96,6363.96
2026-05-14,Kocaeli,Balıkesir,15690.49,18882.97,25724.0,25724.0
2026-05-14,Kocaeli,Bilecik,9778.24,11603.0,15513.21,15513.21
2026-05-14,Kocaeli,Erzincan,7496.73,8802.25,11599.78,11599.78
2026-05-14,Kocaeli,Eskişehir,13136.62,15454.4,20421.07,20421.07
2026-05-14,Kocaeli,Isparta,5240.56,6211.8,8293.04,8293.04
2026-05-14,Kocaeli,Kütahya,3749.42,5011.68,7716.53,7716.53
2026-05-14,Kocaeli,Manisa,8791.04,10758.54,14974.61,14974.61
2026-05-14,Kocaeli,Mardin,6432.64,7718.31,10473.32,10473.32
2026-05-14,Kocaeli,Mersin,10104.38,12349.2,17159.54,17159.54
2026-05-14,Kocaeli,Sivas,4760.34,5790.5,7997.98,7997.98
2026-05-14,Kocaeli,Tekirdağ,15883.67,19419.45,26996.12,26996.12
2026-05-14,Kocaeli,Yalova,19206.51,23538.82,32822.33,32822.33
2026-05-14,Kocaeli,İstanbul,16285.22,19428.36,26163.67,26163.67
2026-05-14,Kocaeli,Şanlıurfa,6301.09,7812.48,11051.16,11051.16
2026-05-14,Kütahya,Eskişehir,1426.33,2001.96,3235.45,3235.45
2026-05-14,Manisa,Balıkesir,13626.89,16665.66,23177.31,23177.31
2026-05-14,Manisa,Bilecik,5845.22,8114.54,12977.36,12977.36
2026-05-14,Manisa,Denizli,5023.54,6026.4,8175.38,8175.38
2026-05-14,Manisa,Eskişehir,10124.87,12742.92,18353.03,18353.03
2026-05-14,Manisa,Isparta,5375.41,7161.72,10989.53,10989.53
2026-05-14,Manisa,Kütahya,9091.09,10869.82,14681.38,14681.38
2026-05-14,Manisa,Mersin,0.0,10.05,4514.37,4514.37
2026-05-14,Manisa,Sivas,3950.38,5101.5,7568.19,7568.19
2026-05-14,Manisa,Tekirdağ,9349.02,12401.4,18942.2,18942.2
2026-05-14,Manisa,Yalova,11049.73,14725.6,22602.46,22602.46
2026-05-14,Manisa,İstanbul,10644.61,13239.46,18799.85,18799.85
2026-05-14,Mersin,Eskişehir,2339.95,3068.89,4630.9,4630.9
2026-05-14,Mersin,Manisa,1430.62,2314.76,4209.35,4209.35
2026-05-14,Sivas,Eskişehir,3804.0,5041.85,7694.38,7694.38
2026-05-14,Tekirdağ,Balıkesir,6920.96,9596.16,15328.73,15328.73
2026-05-14,Tekirdağ,Bilecik,4435.82,6094.94,9650.2,9650.2
2026-05-14,Tekirdağ,Denizli,1123.57,1930.6,3659.96,3659.96
2026-05-14,Tekirdağ,Eskişehir,9137.66,12518.14,19762.03,19762.03
2026-05-14,Tekirdağ,Isparta,1608.33,2756.08,5215.55,5215.55
2026-05-14,Tekirdağ,Karaman,2163.35,3104.42,5120.99,5120.99
2026-05-14,Tekirdağ,Kütahya,2831.97,3925.88,6269.97,6269.97
2026-05-14,Tekirdağ,Manisa,7867.66,10871.28,17307.62,17307.62
2026-05-14,Tekirdağ,Mersin,3762.83,5592.48,9513.17,9513.17
2026-05-14,Tekirdağ,Yalova,10808.15,14978.73,23915.68,23915.68
2026-05-14,Tekirdağ,Zonguldak,872.8,1575.6,3081.59,3081.59
2026-05-14,Tekirdağ,İstanbul,7931.99,10941.38,17390.07,17390.07
2026-05-14,Tekirdağ,Şanlıurfa,274.35,1672.72,4669.24,4669.24
2026-05-14,Yalova,Balıkesir,9116.16,12884.13,20958.36,20958.36
2026-05-14,Yalova,Bilecik,4689.66,6806.32,11342.01,11342.01
2026-05-14,Yalova,Eskişehir,10566.63,15346.11,25587.85,25587.85
2026-05-14,Yalova,Kütahya,2897.21,4326.08,7387.94,7387.94
2026-05-14,Yalova,Manisa,8337.97,12412.5,21143.64,21143.64
2026-05-14,Yalova,Mersin,446.54,2590.56,7184.9,7184.9
2026-05-14,Yalova,Tekirdağ,10004.68,14462.2,24014.02,24014.02
2026-05-14,Yalova,İstanbul,7742.58,11925.33,20888.36,20888.36
2026-05-14,İstanbul,Balıkesir,15009.03,20400.1,31952.4,31952.4
2026-05-14,İstanbul,Bilecik,8430.33,11492.64,18054.72,18054.72
2026-05-14,İstanbul,Denizli,5033.85,6696.04,10257.87,10257.87
2026-05-14,İstanbul,Erzincan,7702.31,10308.24,15892.37,15892.37
2026-05-14,İstanbul,Eskişehir,15864.75,21772.4,34431.66,34431.66
2026-05-14,İstanbul,Isparta,6203.91,8132.46,12265.08,12265.08
2026-05-14,İstanbul,Karaman,3536.85,5038.37,8255.91,8255.91
2026-05-14,İstanbul,Kütahya,5827.37,8006.02,12674.56,12674.56
2026-05-14,İstanbul,Manisa,14334.9,20121.4,32521.04,32521.04
2026-05-14,İstanbul,Mardin,6879.24,9259.68,14360.62,14360.62
2026-05-14,İstanbul,Mersin,9559.88,13043.64,20508.85,20508.85
2026-05-14,İstanbul,Sivas,5611.49,7530.46,11642.54,11642.54
2026-05-14,İstanbul,Tekirdağ,12904.95,17774.1,28207.99,28207.99
2026-05-14,İstanbul,Yalova,15321.24,21525.49,34820.31,34820.31
2026-05-14,İstanbul,Zonguldak,4371.86,5947.0,9322.31,9322.31
2026-05-14,İstanbul,Şanlıurfa,6816.68,9285.68,14576.4,14576.4
2026-05-14,Şanlıurfa,Eskişehir,3769.73,4742.75,6827.8,6827.8
2026-05-14,Şanlıurfa,Manisa,0.0,275.56,2983.63,2983.63
2026-05-14,Şanlıurfa,Tekirdağ,3403.48,4414.96,6582.41,6582.41
2026-05-15,Balıkesir,Bilecik,2038.3,3069.0,5277.65,5277.65
2026-05-15,Balıkesir,Eskişehir,7510.25,9275.2,13057.24,13057.24
2026-05-15,Balıkesir,Manisa,7475.19,9301.55,13215.19,13215.19
2026-05-15,Balıkesir,Tekirdağ,6552.58,8244.6,11870.36,11870.36
2026-05-15,Balıkesir,Yalova,7950.51,10076.55,14632.34,14632.34
2026-05-15,Balıkesir,İstanbul,7056.44,8688.88,12186.97,12186.97
2026-05-15,Bilecik,Eskişehir,5174.48,6400.1,9026.42,9026.42
2026-05-15,Bilecik,Manisa,5403.19,6672.88,9393.64,9393.64
2026-05-15,Eskişehir,Balıkesir,6747.54,8442.46,12074.44,12074.44
2026-05-15,Eskişehir,Bilecik,5040.43,6251.56,8846.84,8846.84
2026-05-15,Eskişehir,Erzincan,3891.36,4834.5,6855.52,6855.52
2026-05-15,Eskişehir,Isparta,2333.9,2961.84,4307.42,4307.42
2026-05-15,Eskişehir,Kütahya,3322.28,4165.56,5972.6,5972.6
2026-05-15,Eskişehir,Manisa,7800.48,9734.76,13879.65,13879.65
2026-05-15,Eskişehir,Mardin,4167.5,5140.43,7225.29,7225.29
2026-05-15,Eskişehir,Mersin,4092.83,5153.96,7427.81,7427.81
2026-05-15,Eskişehir,Tekirdağ,7469.65,9288.0,13184.47,13184.47
2026-05-15,Eskişehir,Yalova,11438.51,14326.2,20514.11,20514.11
2026-05-15,Eskişehir,İstanbul,7571.26,9369.6,13223.18,13223.18
2026-05-15,Eskişehir,Şanlıurfa,4358.49,5395.45,7617.51,7617.51
2026-05-15,Kocaeli,Balıkesir,17620.47,20812.95,27653.98,27653.98
2026-05-15,Kocaeli,Bilecik,10225.38,12050.14,15960.35,15960.35
2026-05-15,Kocaeli,Erzincan,8455.73,9761.25,12558.78,12558.78
2026-05-15,Kocaeli,Eskişehir,11077.42,13395.2,18361.87,18361.87
2026-05-15,Kocaeli,Isparta,5204.86,6176.1,8257.34,8257.34
2026-05-15,Kocaeli,Kütahya,6101.6,7363.86,10068.71,10068.71
2026-05-15,Kocaeli,Manisa,9505.91,11473.41,15689.48,15689.48
2026-05-15,Kocaeli,Mardin,8048.5,9334.17,12089.18,12089.18
2026-05-15,Kocaeli,Mersin,11119.13,13363.95,18174.29,18174.29
2026-05-15,Kocaeli,Sivas,4635.14,5665.3,7872.78,7872.78
2026-05-15,Kocaeli,Tekirdağ,17038.07,20573.85,28150.52,28150.52
2026-05-15,Kocaeli,Yalova,21490.21,25822.52,35106.03,35106.03
2026-05-15,Kocaeli,İstanbul,17509.34,20652.48,27387.79,27387.79
2026-05-15,Kocaeli,Şanlıurfa,9042.97,10554.36,13793.04,13793.04
2026-05-15,Kütahya,Eskişehir,1914.37,2490.0,3723.49,3723.49
2026-05-15,Manisa,Balıkesir,15644.69,18683.46,25195.11,25195.11
2026-05-15,Manisa,Bilecik,8953.33,11222.65,16085.47,16085.47
2026-05-15,Manisa,Denizli,3111.94,4114.8,6263.78,6263.78
2026-05-15,Manisa,Eskişehir,13034.39,15652.44,21262.55,21262.55
2026-05-15,Manisa,Isparta,9469.09,11255.4,15083.21,15083.21
2026-05-15,Manisa,Kütahya,9681.56,11460.29,15271.85,15271.85
2026-05-15,Manisa,Mersin,0.0,592.95,5097.27,5097.27
2026-05-15,Manisa,Sivas,3671.14,4822.26,7288.95,7288.95
2026-05-15,Manisa,Tekirdağ,14549.82,17602.2,24143.0,24143.0
2026-05-15,Manisa,Yalova,17180.13,20856.0,28732.86,28732.86
2026-05-15,Manisa,İstanbul,11986.47,14581.32,20141.71,20141.71
2026-05-15,Mersin,Eskişehir,3020.52,3749.46,5311.47,5311.47
2026-05-15,Mersin,Manisa,0.0,109.98,2004.57,2004.57
2026-05-15,Sivas,Eskişehir,5714.65,6952.5,9605.03,9605.03
2026-05-15,Tekirdağ,Balıkesir,10386.24,13061.44,18794.01,18794.01
2026-05-15,Tekirdağ,Bilecik,6917.8,8576.92,12132.18,12132.18
2026-05-15,Tekirdağ,Denizli,1060.85,1867.88,3597.24,3597.24
2026-05-15,Tekirdağ,Eskişehir,12890.81,16271.29,23515.18,23515.18
2026-05-15,Tekirdağ,Isparta,3826.73,4974.48,7433.95,7433.95
2026-05-15,Tekirdağ,Karaman,3096.53,4037.6,6054.17,6054.17
2026-05-15,Tekirdağ,Kütahya,2747.69,3841.6,6185.69,6185.69
2026-05-15,Tekirdağ,Manisa,9084.82,12088.44,18524.78,18524.78
2026-05-15,Tekirdağ,Mersin,1902.49,3732.14,7652.83,7652.83
2026-05-15,Tekirdağ,Yalova,16151.3,20321.88,29258.83,29258.83
2026-05-15,Tekirdağ,Zonguldak,2645.35,3348.15,4854.14,4854.14
2026-05-15,Tekirdağ,İstanbul,12419.65,15429.04,21877.73,21877.73
2026-05-15,Tekirdağ,Şanlıurfa,4316.08,5714.45,8710.97,8710.97
2026-05-15,Yalova,Balıkesir,15495.75,19263.72,27337.95,27337.95
2026-05-15,Yalova,Bilecik,8742.46,10859.12,15394.81,15394.81
2026-05-15,Yalova,Eskişehir,18617.37,23396.85,33638.59,33638.59
2026-05-15,Yalova,Kütahya,5494.97,6923.84,9985.7,9985.7
2026-05-15,Yalova,Manisa,16831.43,20905.96,29637.1,29637.1
2026-05-15,Yalova,Mersin,9061.58,11205.6,15799.94,15799.94
2026-05-15,Yalova,Tekirdağ,18842.32,23299.84,32851.66,32851.66
2026-05-15,Yalova,İstanbul,17748.41,21931.16,30894.19,30894.19
2026-05-15,İstanbul,Balıkesir,25005.23,30396.3,41948.6,41948.6
2026-05-15,İstanbul,Bilecik,14596.17,17658.48,24220.56,24220.56
2026-05-15,İstanbul,Denizli,7331.17,8993.36,12555.19,12555.19
2026-05-15,İstanbul,Erzincan,11632.79,14238.72,19822.85,19822.85
2026-05-15,İstanbul,Eskişehir,25669.75,31577.4,44236.66,44236.66
2026-05-15,İstanbul,Isparta,9507.18,11435.73,15568.35,15568.35
2026-05-15,İstanbul,Karaman,2918.15,4419.67,7637.21,7637.21
2026-05-15,İstanbul,Kütahya,11767.71,13946.36,18614.9,18614.9
2026-05-15,İstanbul,Manisa,25822.7,31609.2,44008.84,44008.84
2026-05-15,İstanbul,Mardin,10712.19,13092.63,18193.57,18193.57
2026-05-15,İstanbul,Mersin,16906.6,20390.36,27855.57,27855.57
2026-05-15,İstanbul,Sivas,9440.79,11359.76,15471.84,15471.84
2026-05-15,İstanbul,Tekirdağ,21139.5,26008.65,36442.54,36442.54
2026-05-15,İstanbul,Yalova,26737.96,32942.21,46237.03,46237.03
2026-05-15,İstanbul,Zonguldak,7342.23,8917.37,12292.68,12292.68
2026-05-15,İstanbul,Şanlıurfa,11721.76,14190.76,19481.48,19481.48
2026-05-15,Şanlıurfa,Eskişehir,4024.75,4997.77,7082.82,7082.82
2026-05-15,Şanlıurfa,Manisa,1893.55,3157.32,5865.39,5865.39
2026-05-15,Şanlıurfa,Tekirdağ,3787.54,4799.02,6966.47,6966.47
2026-05-16,Balıkesir,Bilecik,2611.18,3641.88,5850.53,5850.53
2026-05-16,Balıkesir,Eskişehir,4555.65,6320.6,10102.64,10102.64
2026-05-16,Balıkesir,Manisa,4891.23,6717.59,10631.23,10631.23
2026-05-16,Balıkesir,Tekirdağ,4394.06,6086.08,9711.84,9711.84
2026-05-16,Balıkesir,Yalova,5706.73,7832.77,12388.56,12388.56
2026-05-16,Balıkesir,İstanbul,4311.67,5944.11,9442.2,9442.2
2026-05-16,Bilecik,Eskişehir,4135.3,5360.92,7987.24,7987.24
2026-05-16,Bilecik,Manisa,4934.75,6204.44,8925.2,8925.2
2026-05-16,Eskişehir,Balıkesir,4838.23,6533.15,10165.13,10165.13
2026-05-16,Eskişehir,Bilecik,3192.4,4403.53,6998.81,6998.81
2026-05-16,Eskişehir,Erzincan,2230.36,3173.5,5194.52,5194.52
2026-05-16,Eskişehir,Isparta,2100.2,2728.14,4073.72,4073.72
2026-05-16,Eskişehir,Kütahya,2369.63,3212.91,5019.95,5019.95
2026-05-16,Eskişehir,Manisa,5441.76,7376.04,11520.93,11520.93
2026-05-16,Eskişehir,Mardin,3048.72,4021.65,6106.51,6106.51
2026-05-16,Eskişehir,Mersin,2972.1,4033.23,6307.08,6307.08
2026-05-16,Eskişehir,Tekirdağ,4858.45,6676.8,10573.27,10573.27
2026-05-16,Eskişehir,Yalova,7345.31,10233.0,16420.91,16420.91
2026-05-16,Eskişehir,İstanbul,4670.1,6468.44,10322.02,10322.02
2026-05-16,Eskişehir,Şanlıurfa,3031.74,4068.7,6290.76,6290.76
2026-05-16,Kocaeli,Balıkesir,18031.59,21224.07,28065.1,28065.1
2026-05-16,Kocaeli,Bilecik,10406.5,12231.26,16141.47,16141.47
2026-05-16,Kocaeli,Erzincan,7215.88,8521.4,11318.93,11318.93
2026-05-16,Kocaeli,Eskişehir,14124.62,16442.4,21409.07,21409.07
2026-05-16,Kocaeli,Isparta,4211.21,5182.45,7263.69,7263.69
2026-05-16,Kocaeli,Kütahya,5297.84,6560.1,9264.95,9264.95
2026-05-16,Kocaeli,Manisa,11625.17,13592.67,17808.74,17808.74
2026-05-16,Kocaeli,Mardin,7458.31,8743.98,11498.99,11498.99
2026-05-16,Kocaeli,Mersin,11106.83,13351.65,18161.99,18161.99
2026-05-16,Kocaeli,Sivas,4128.08,5158.24,7365.72,7365.72
2026-05-16,Kocaeli,Tekirdağ,18797.42,22333.2,29909.87,29909.87
2026-05-16,Kocaeli,Yalova,19579.7,23912.01,33195.52,33195.52
2026-05-16,Kocaeli,İstanbul,16109.48,19252.62,25987.93,25987.93
2026-05-16,Kocaeli,Şanlıurfa,8122.75,9634.14,12872.82,12872.82
2026-05-16,Kütahya,Eskişehir,1242.07,1817.7,3051.19,3051.19
2026-05-16,Manisa,Balıkesir,11468.87,14507.64,21019.29,21019.29
2026-05-16,Manisa,Bilecik,10019.19,12288.51,17151.33,17151.33
2026-05-16,Manisa,Denizli,3435.94,4438.8,6587.78,6587.78
2026-05-16,Manisa,Eskişehir,8355.83,10973.88,16583.99,16583.99
2026-05-16,Manisa,Isparta,7186.93,8973.24,12801.05,12801.05
2026-05-16,Manisa,Kütahya,7983.42,9762.15,13573.71,13573.71
2026-05-16,Manisa,Mersin,2350.13,4452.15,8956.47,8956.47
2026-05-16,Manisa,Sivas,1519.56,2670.68,5137.37,5137.37
2026-05-16,Manisa,Tekirdağ,7695.72,10748.1,17288.9,17288.9
2026-05-16,Manisa,Yalova,10913.85,14589.72,22466.58,22466.58
2026-05-16,Manisa,İstanbul,7322.07,9916.92,15477.31,15477.31
2026-05-16,Mersin,Eskişehir,2302.0,3030.94,4592.95,4592.95
2026-05-16,Mersin,Manisa,0.0,128.7,2023.29,2023.29
2026-05-16,Sivas,Eskişehir,4349.9,5587.75,8240.28,8240.28
2026-05-16,Tekirdağ,Balıkesir,5917.44,8592.64,14325.21,14325.21
2026-05-16,Tekirdağ,Bilecik,4169.48,5828.6,9383.86,9383.86
2026-05-16,Tekirdağ,Denizli,302.33,1109.36,2838.72,2838.72
2026-05-16,Tekirdağ,Eskişehir,6941.16,10321.64,17565.53,17565.53
2026-05-16,Tekirdağ,Isparta,0.0,248.16,2707.63,2707.63
2026-05-16,Tekirdağ,Karaman,0.0,385.22,2401.79,2401.79
2026-05-16,Tekirdağ,Kütahya,2555.61,3649.52,5993.61,5993.61
2026-05-16,Tekirdağ,Manisa,7062.52,10066.14,16502.48,16502.48
2026-05-16,Tekirdağ,Mersin,0.0,578.73,4499.42,4499.42
2026-05-16,Tekirdağ,Yalova,9423.11,13593.69,22530.64,22530.64
2026-05-16,Tekirdağ,Zonguldak,1699.6,2402.4,3908.39,3908.39
2026-05-16,Tekirdağ,İstanbul,6988.36,9997.75,16446.44,16446.44
2026-05-16,Tekirdağ,Şanlıurfa,0.0,477.05,3473.57,3473.57
2026-05-16,Yalova,Balıkesir,7731.0,11498.97,19573.2,19573.2
2026-05-16,Yalova,Bilecik,4048.96,6165.62,10701.31,10701.31
2026-05-16,Yalova,Eskişehir,8352.84,13132.32,23374.06,23374.06
2026-05-16,Yalova,Kütahya,3154.17,4583.04,7644.9,7644.9
2026-05-16,Yalova,Manisa,8056.62,12131.15,20862.29,20862.29
2026-05-16,Yalova,Mersin,4649.9,6793.92,11388.26,11388.26
2026-05-16,Yalova,Tekirdağ,8371.42,12828.94,22380.76,22380.76
2026-05-16,Yalova,İstanbul,8719.78,12902.53,21865.56,21865.56
2026-05-16,İstanbul,Balıkesir,14903.33,20294.4,31846.7,31846.7
2026-05-16,İstanbul,Bilecik,8330.97,11393.28,17955.36,17955.36
2026-05-16,İstanbul,Denizli,2531.13,4193.32,7755.15,7755.15
2026-05-16,İstanbul,Erzincan,6858.74,9464.67,15048.8,15048.8
2026-05-16,İstanbul,Eskişehir,15970.75,21878.4,34537.66,34537.66
2026-05-16,İstanbul,Isparta,5822.43,7750.98,11883.6,11883.6
2026-05-16,İstanbul,Karaman,3558.37,5059.89,8277.43,8277.43
2026-05-16,İstanbul,Kütahya,6485.73,8664.38,13332.92,13332.92
2026-05-16,İstanbul,Manisa,16163.86,21950.36,34350.0,34350.0
2026-05-16,İstanbul,Mardin,6255.06,8635.5,13736.44,13736.44
2026-05-16,İstanbul,Mersin,10073.8,13557.56,21022.77,21022.77
2026-05-16,İstanbul,Sivas,5292.63,7211.6,11323.68,11323.68
2026-05-16,İstanbul,Tekirdağ,10448.94,15318.09,25751.98,25751.98
2026-05-16,İstanbul,Yalova,14495.03,20699.28,33994.1,33994.1
2026-05-16,İstanbul,Zonguldak,4409.42,5984.56,9359.87,9359.87
2026-05-16,İstanbul,Şanlıurfa,7514.0,9983.0,15273.72,15273.72
2026-05-16,Şanlıurfa,Eskişehir,2758.98,3732.0,5817.05,5817.05
2026-05-16,Şanlıurfa,Manisa,3264.71,4528.48,7236.55,7236.55
2026-05-16,Şanlıurfa,Tekirdağ,2756.46,3767.94,5935.39,5935.39
2026-05-17,Balıkesir,Bilecik,0.0,226.92,2435.57,2435.57
2026-05-17,Balıkesir,Eskişehir,0.0,146.2,3928.24,3928.24
2026-05-17,Balıkesir,Manisa,0.0,511.85,4425.49,4425.49
2026-05-17,Balıkesir,Tekirdağ,0.0,160.16,3785.92,3785.92
2026-05-17,Balıkesir,Yalova,0.0,201.19,4756.98,4756.98
2026-05-17,Balıkesir,İstanbul,0.0,284.54,3782.63,3782.63
2026-05-17,Bilecik,Eskişehir,0.0,249.76,2876.08,2876.08
2026-05-17,Bilecik,Manisa,0.0,229.44,2950.2,2950.2
2026-05-17,Eskişehir,Balıkesir,0.0,377.91,4009.89,4009.89
2026-05-17,Eskişehir,Bilecik,0.0,290.52,2885.8,2885.8
2026-05-17,Eskişehir,Erzincan,0.0,217.25,2238.27,2238.27
2026-05-17,Eskişehir,Isparta,0.0,194.34,1539.92,1539.92
2026-05-17,Eskişehir,Kütahya,0.0,185.31,1992.35,1992.35
2026-05-17,Eskişehir,Manisa,0.0,582.12,4727.01,4727.01
2026-05-17,Eskişehir,Mardin,0.0,198.6,2283.46,2283.46
2026-05-17,Eskişehir,Mersin,0.0,279.6,2553.45,2553.45
2026-05-17,Eskişehir,Tekirdağ,0.0,506.4,4402.87,4402.87
2026-05-17,Eskişehir,Yalova,0.0,850.5,7038.41,7038.41
2026-05-17,Eskişehir,İstanbul,0.0,317.2,4170.78,4170.78
2026-05-17,Eskişehir,Şanlıurfa,0.0,237.9,2459.96,2459.96
2026-05-17,Kocaeli,Balıkesir,11048.26,14240.74,21081.77,21081.77
2026-05-17,Kocaeli,Bilecik,5770.96,7595.72,11505.93,11505.93
2026-05-17,Kocaeli,Erzincan,5277.33,6582.85,9380.38,9380.38
2026-05-17,Kocaeli,Eskişehir,8581.42,10899.2,15865.87,15865.87
2026-05-17,Kocaeli,Isparta,3116.41,4087.65,6168.89,6168.89
2026-05-17,Kocaeli,Kütahya,4328.6,5590.86,8295.71,8295.71
2026-05-17,Kocaeli,Manisa,5429.63,7397.13,11613.2,11613.2
2026-05-17,Kocaeli,Mardin,4816.78,6102.45,8857.46,8857.46
2026-05-17,Kocaeli,Mersin,7835.03,10079.85,14890.19,14890.19
2026-05-17,Kocaeli,Sivas,3871.42,4901.58,7109.06,7109.06
2026-05-17,Kocaeli,Tekirdağ,11010.77,14546.55,22123.22,22123.22
2026-05-17,Kocaeli,Yalova,14600.12,18932.43,28215.94,28215.94
2026-05-17,Kocaeli,İstanbul,10691.84,13834.98,20570.29,20570.29
2026-05-17,Kocaeli,Şanlıurfa,5280.71,6792.1,10030.78,10030.78
2026-05-17,Kütahya,Eskişehir,0.0,94.62,1328.11,1328.11
2026-05-17,Manisa,Balıkesir,2494.79,5533.56,12045.21,12045.21
2026-05-17,Manisa,Bilecik,2145.83,4415.15,9277.97,9277.97
2026-05-17,Manisa,Denizli,532.9,1535.76,3684.74,3684.74
2026-05-17,Manisa,Eskişehir,0.0,1791.72,7401.83,7401.83
2026-05-17,Manisa,Isparta,2409.49,4195.8,8023.61,8023.61
2026-05-17,Manisa,Kütahya,2751.08,4529.81,8341.37,8341.37
2026-05-17,Manisa,Mersin,0.0,891.1,5395.42,5395.42
2026-05-17,Manisa,Sivas,0.0,640.82,3107.51,3107.51
2026-05-17,Manisa,Tekirdağ,0.0,2280.3,8821.1,8821.1
2026-05-17,Manisa,Yalova,0.0,3245.32,11122.18,11122.18
2026-05-17,Manisa,İstanbul,0.0,1352.0,6912.39,6912.39
2026-05-17,Mersin,Eskişehir,0.0,311.19,1873.2,1873.2
2026-05-17,Mersin,Manisa,0.0,215.28,2109.87,2109.87
2026-05-17,Sivas,Eskişehir,0.0,1205.1,3857.63,3857.63
2026-05-17,Tekirdağ,Balıkesir,0.0,448.84,6181.41,6181.41
2026-05-17,Tekirdağ,Bilecik,0.0,405.3,3960.56,3960.56
2026-05-17,Tekirdağ,Denizli,0.0,125.44,1854.8,1854.8
2026-05-17,Tekirdağ,Eskişehir,0.0,958.82,8202.71,8202.71
2026-05-17,Tekirdağ,Isparta,0.0,308.32,2767.79,2767.79
2026-05-17,Tekirdağ,Karaman,0.0,317.24,2333.81,2333.81
2026-05-17,Tekirdağ,Kütahya,0.0,327.32,2671.41,2671.41
2026-05-17,Tekirdağ,Manisa,0.0,669.06,7105.4,7105.4
2026-05-17,Tekirdağ,Mersin,0.0,544.35,4465.04,4465.04
2026-05-17,Tekirdağ,Yalova,0.0,1098.48,10035.43,10035.43
2026-05-17,Tekirdağ,Zonguldak,0.0,142.35,1648.34,1648.34
2026-05-17,Tekirdağ,İstanbul,0.0,799.82,7248.51,7248.51
2026-05-17,Tekirdağ,Şanlıurfa,0.0,424.27,3420.79,3420.79
2026-05-17,Yalova,Balıkesir,0.0,1110.27,9184.5,9184.5
2026-05-17,Yalova,Bilecik,0.0,545.34,5081.03,5081.03
2026-05-17,Yalova,Eskişehir,0.0,964.65,11206.39,11206.39
2026-05-17,Yalova,Kütahya,0.0,359.04,3420.9,3420.9
2026-05-17,Yalova,Manisa,0.0,913.56,9644.7,9644.7
2026-05-17,Yalova,Mersin,0.0,675.36,5269.7,5269.7
2026-05-17,Yalova,Tekirdağ,0.0,981.96,10533.78,10533.78
2026-05-17,Yalova,İstanbul,0.0,984.18,9947.21,9947.21
2026-05-17,İstanbul,Balıkesir,0.0,2708.94,14261.24,14261.24
2026-05-17,İstanbul,Bilecik,0.0,1360.68,7922.76,7922.76
2026-05-17,İstanbul,Denizli,0.0,1308.24,4870.07,4870.07
2026-05-17,İstanbul,Erzincan,0.0,2141.37,7725.5,7725.5
2026-05-17,İstanbul,Eskişehir,0.0,1884.15,14543.41,14543.41
2026-05-17,İstanbul,Isparta,0.0,1508.58,5641.2,5641.2
2026-05-17,İstanbul,Karaman,0.0,1073.31,4290.85,4290.85
2026-05-17,İstanbul,Kütahya,0.0,1688.18,6356.72,6356.72
2026-05-17,İstanbul,Manisa,0.0,2663.92,15063.56,15063.56
2026-05-17,İstanbul,Mardin,0.0,1796.79,6897.73,6897.73
2026-05-17,İstanbul,Mersin,0.0,2648.44,10113.65,10113.65
2026-05-17,İstanbul,Sivas,0.0,1785.02,5897.1,5897.1
2026-05-17,İstanbul,Tekirdağ,0.0,1693.89,12127.78,12127.78
2026-05-17,İstanbul,Yalova,0.0,1901.06,15195.88,15195.88
2026-05-17,İstanbul,Zonguldak,0.0,1389.72,4765.03,4765.03
2026-05-17,İstanbul,Şanlıurfa,0.0,1498.94,6789.66,6789.66
2026-05-17,Şanlıurfa,Eskişehir,0.0,230.14,2315.19,2315.19
2026-05-17,Şanlıurfa,Manisa,0.0,255.64,2963.71,2963.71
2026-05-17,Şanlıurfa,Tekirdağ,0.0,228.36,2395.81,2395.81
