date,source,destination,q10,q50,q90,recommended_demand,safety_buffer,risk_class,route_label
2026-05-11,Balıkesir,Bilecik,3943.0176,6843.3414,7049.7506,6946.546,103.2046,LOW,Balıkesir → Bilecik
2026-05-11,Balıkesir,Eskişehir,6960.8019,10647.5139,11016.6539,10832.0839,184.57,LOW,Balıkesir → Eskişehir
2026-05-11,Balıkesir,Manisa,7509.257,11699.5967,12041.4782,11870.5374,170.9407,LOW,Balıkesir → Manisa
2026-05-11,Balıkesir,Tekirdağ,6729.2044,10503.9398,10753.1836,10628.5617,124.6219,LOW,Balıkesir → Tekirdağ
2026-05-11,Balıkesir,Yalova,8166.4055,11893.1364,12348.7191,12120.9278,227.7914,LOW,Balıkesir → Yalova
2026-05-11,Balıkesir,İstanbul,6687.9599,10307.9955,10616.4208,10462.2081,154.2126,LOW,Balıkesir → İstanbul
2026-05-11,Bilecik,Eskişehir,5014.1751,7901.335,8335.4308,8118.3829,217.0479,LOW,Bilecik → Eskişehir
2026-05-11,Bilecik,Manisa,5259.3377,8170.659,8653.8128,8412.2359,241.5769,LOW,Bilecik → Manisa
2026-05-11,Eskişehir,Balıkesir,5395.2231,9973.719,10304.2043,10138.9617,165.2427,LOW,Eskişehir → Balıkesir
2026-05-11,Eskişehir,Bilecik,3998.5769,7572.952,7877.2708,7725.1114,152.1594,LOW,Eskişehir → Bilecik
2026-05-11,Eskişehir,Erzincan,3116.3034,6049.3962,6099.4235,6074.4098,25.0136,LOW,Eskişehir → Erzincan
2026-05-11,Eskişehir,Isparta,2898.0822,5714.5943,5778.5596,5746.5769,31.9826,LOW,Eskişehir → Isparta
2026-05-11,Eskişehir,Kütahya,3425.5049,6595.4035,6616.6258,6606.0146,10.6111,LOW,Eskişehir → Kütahya
2026-05-11,Eskişehir,Manisa,6563.7883,10651.8334,10957.6184,10804.7259,152.8925,LOW,Eskişehir → Manisa
2026-05-11,Eskişehir,Mardin,3400.9483,6205.5962,6272.1341,6238.8652,33.269,LOW,Eskişehir → Mardin
2026-05-11,Eskişehir,Mersin,3627.4482,6920.2721,7056.9658,6988.6189,68.3468,LOW,Eskişehir → Mersin
2026-05-11,Eskişehir,Tekirdağ,6498.2208,10791.0597,11002.6936,10896.8767,105.817,LOW,Eskişehir → Tekirdağ
2026-05-11,Eskişehir,Yalova,8929.2042,13399.792,13833.7516,13616.7718,216.9798,LOW,Eskişehir → Yalova
2026-05-11,Eskişehir,İstanbul,5750.5091,10180.3949,10517.1981,10348.7965,168.4016,LOW,Eskişehir → İstanbul
2026-05-11,Eskişehir,Şanlıurfa,3258.8848,6642.9183,6787.6743,6715.2963,72.378,LOW,Eskişehir → Şanlıurfa
2026-05-11,Kocaeli,Balıkesir,25079.3545,41271.2625,43601.9598,42436.6111,1165.3486,LOW,Kocaeli → Balıkesir
2026-05-11,Kocaeli,Bilecik,13813.2574,21540.1124,23020.8413,22280.4768,740.3644,LOW,Kocaeli → Bilecik
2026-05-11,Kocaeli,Erzincan,5663.71,12491.0878,13401.2233,12946.1556,455.0678,LOW,Kocaeli → Erzincan
2026-05-11,Kocaeli,Eskişehir,15865.3899,27028.5715,28483.9225,27756.247,727.6755,LOW,Kocaeli → Eskişehir
2026-05-11,Kocaeli,Isparta,3315.4345,8019.948,8800.1487,8410.0483,390.1003,LOW,Kocaeli → Isparta
2026-05-11,Kocaeli,Kütahya,4562.4392,12379.7466,13315.8977,12847.8221,468.0755,LOW,Kocaeli → Kütahya
2026-05-11,Kocaeli,Manisa,16473.2642,24552.9275,26189.119,25371.0232,818.0957,LOW,Kocaeli → Manisa
2026-05-11,Kocaeli,Mardin,5664.5518,12929.3942,13743.9232,13336.6587,407.2645,LOW,Kocaeli → Mardin
2026-05-11,Kocaeli,Mersin,19199.4085,29982.7554,31722.4005,30852.578,869.8226,LOW,Kocaeli → Mersin
2026-05-11,Kocaeli,Sivas,3344.7984,8996.0016,9645.2772,9320.6394,324.6378,LOW,Kocaeli → Sivas
2026-05-11,Kocaeli,Tekirdağ,25913.1031,42942.7657,45241.1454,44091.9555,1149.1898,LOW,Kocaeli → Tekirdağ
2026-05-11,Kocaeli,Yalova,27517.9969,45560.2883,47997.2953,46778.7918,1218.5035,LOW,Kocaeli → Yalova
2026-05-11,Kocaeli,İstanbul,25524.3219,41098.2388,43374.1929,42236.2159,1137.9771,LOW,Kocaeli → İstanbul
2026-05-11,Kocaeli,Şanlıurfa,9936.1156,18496.2779,19700.6795,19098.4787,602.2008,LOW,Kocaeli → Şanlıurfa
2026-05-11,Kütahya,Eskişehir,3164.9907,5117.017,5421.826,5269.4215,152.4045,LOW,Kütahya → Eskişehir
2026-05-11,Manisa,Balıkesir,14072.4854,25116.5864,26623.0475,25869.817,753.2306,LOW,Manisa → Balıkesir
2026-05-11,Manisa,Bilecik,9332.2096,16782.6224,17615.6409,17199.1316,416.5092,LOW,Manisa → Bilecik
2026-05-11,Manisa,Denizli,2783.542,6389.672,6602.0689,6495.8705,106.1985,LOW,Manisa → Denizli
2026-05-11,Manisa,Eskişehir,10020.5975,18276.0109,19118.0263,18697.0186,421.0077,LOW,Manisa → Eskişehir
2026-05-11,Manisa,Isparta,8010.2514,13843.8081,14588.4862,14216.1471,372.339,LOW,Manisa → Isparta
2026-05-11,Manisa,Kütahya,8151.5921,14357.2302,15034.0809,14695.6556,338.4254,LOW,Manisa → Kütahya
2026-05-11,Manisa,Mersin,6300.913,12895.7361,13639.4542,13267.5952,371.8591,LOW,Manisa → Mersin
2026-05-11,Manisa,Sivas,2890.2325,7284.0707,7889.9631,7587.0169,302.9462,LOW,Manisa → Sivas
2026-05-11,Manisa,Tekirdağ,13819.8545,23117.1119,24517.71,23817.4109,700.299,LOW,Manisa → Tekirdağ
2026-05-11,Manisa,Yalova,20713.5061,31994.1329,33651.6177,32822.8753,828.7424,LOW,Manisa → Yalova
2026-05-11,Manisa,İstanbul,11142.5373,19660.7683,20682.2989,20171.5336,510.7653,LOW,Manisa → İstanbul
2026-05-11,Mersin,Eskişehir,3336.6271,5342.3414,5485.6299,5413.9856,71.6442,LOW,Mersin → Eskişehir
2026-05-11,Mersin,Manisa,2685.7454,4853.0067,5179.5122,5016.2595,163.2528,LOW,Mersin → Manisa
2026-05-11,Sivas,Eskişehir,4816.7023,8396.7594,8829.1648,8612.9621,216.2027,LOW,Sivas → Eskişehir
2026-05-11,Tekirdağ,Balıkesir,9896.6038,16672.1345,17600.55,17136.3422,464.2077,LOW,Tekirdağ → Balıkesir
2026-05-11,Tekirdağ,Bilecik,5977.1974,10829.31,11374.1696,11101.7398,272.4298,LOW,Tekirdağ → Bilecik
2026-05-11,Tekirdağ,Denizli,2124.5598,5289.3652,5381.7544,5335.5598,46.1946,LOW,Tekirdağ → Denizli
2026-05-11,Tekirdağ,Eskişehir,11167.1934,18657.6146,19651.0469,19154.3308,496.7162,LOW,Tekirdağ → Eskişehir
2026-05-11,Tekirdağ,Isparta,2329.5948,6580.7859,7046.4594,6813.6226,232.8367,LOW,Tekirdağ → Isparta
2026-05-11,Tekirdağ,Karaman,2066.8674,5689.8538,5974.7055,5832.2797,142.4259,LOW,Tekirdağ → Karaman
2026-05-11,Tekirdağ,Kütahya,3114.1969,6997.4621,7213.873,7105.6675,108.2054,LOW,Tekirdağ → Kütahya
2026-05-11,Tekirdağ,Manisa,11353.9849,18723.7536,19702.6452,19213.1994,489.4458,LOW,Tekirdağ → Manisa
2026-05-11,Tekirdağ,Mersin,5349.1806,9844.4507,10436.1281,10140.2894,295.8387,LOW,Tekirdağ → Mersin
2026-05-11,Tekirdağ,Yalova,15004.729,25256.2707,26704.4409,25980.3558,724.0851,LOW,Tekirdağ → Yalova
2026-05-11,Tekirdağ,Zonguldak,2349.7211,5622.9875,5768.6867,5695.8371,72.8496,LOW,Tekirdağ → Zonguldak
2026-05-11,Tekirdağ,İstanbul,10883.1487,18375.9913,19202.0842,18789.0377,413.0464,LOW,Tekirdağ → İstanbul
2026-05-11,Tekirdağ,Şanlıurfa,3257.0933,7063.2074,7404.35,7233.7787,170.5713,LOW,Tekirdağ → Şanlıurfa
2026-05-11,Yalova,Balıkesir,14832.2796,27178.512,28607.3791,27892.9455,714.4335,LOW,Yalova → Balıkesir
2026-05-11,Yalova,Bilecik,7451.0893,14250.6139,14855.3866,14553.0002,302.3863,LOW,Yalova → Bilecik
2026-05-11,Yalova,Eskişehir,18266.5533,31559.3877,33401.7931,32480.5904,921.2027,LOW,Yalova → Eskişehir
2026-05-11,Yalova,Kütahya,4338.8556,8437.8929,9173.8257,8805.8593,367.9664,LOW,Yalova → Kütahya
2026-05-11,Yalova,Manisa,14798.6915,26090.2548,27362.7934,26726.5241,636.2693,LOW,Yalova → Manisa
2026-05-11,Yalova,Mersin,6579.6227,13044.512,13840.3873,13442.4496,397.9376,LOW,Yalova → Mersin
2026-05-11,Yalova,Tekirdağ,16892.9376,29766.1955,31652.7714,30709.4834,943.2879,LOW,Yalova → Tekirdağ
2026-05-11,Yalova,İstanbul,16808.8791,29945.1942,31942.7485,30943.9713,998.7771,LOW,Yalova → İstanbul
2026-05-11,İstanbul,Balıkesir,16897.4875,37472.1291,39141.0478,38306.5885,834.4594,LOW,İstanbul → Balıkesir
2026-05-11,İstanbul,Bilecik,10837.9749,25829.7481,27336.2113,26582.9797,753.2316,LOW,İstanbul → Bilecik
2026-05-11,İstanbul,Denizli,2314.5844,9700.6772,10358.9683,10029.8228,329.1456,MEDIUM,İstanbul → Denizli
2026-05-11,İstanbul,Erzincan,7180.0185,17722.0371,18640.6915,18181.3643,459.3272,LOW,İstanbul → Erzincan
2026-05-11,İstanbul,Eskişehir,17646.6311,37879.6997,39617.7089,38748.7043,869.0046,LOW,İstanbul → Eskişehir
2026-05-11,İstanbul,Isparta,5027.9815,14066.2765,14583.958,14325.1173,258.8408,LOW,İstanbul → Isparta
2026-05-11,İstanbul,Karaman,2655.0793,8546.3343,8949.7365,8748.0354,201.7011,LOW,İstanbul → Karaman
2026-05-11,İstanbul,Kütahya,5745.6887,16322.738,17057.5,16690.119,367.381,LOW,İstanbul → Kütahya
2026-05-11,İstanbul,Manisa,17443.2636,37594.8985,39115.5797,38355.2391,760.3406,LOW,İstanbul → Manisa
2026-05-11,İstanbul,Mardin,6438.7765,17419.2822,18046.01,17732.6461,313.3639,LOW,İstanbul → Mardin
2026-05-11,İstanbul,Mersin,14013.894,28482.6073,29974.1044,29228.3559,745.7486,LOW,İstanbul → Mersin
2026-05-11,İstanbul,Sivas,5706.1564,13859.3926,14690.6246,14275.0086,415.616,LOW,İstanbul → Sivas
2026-05-11,İstanbul,Tekirdağ,15324.6678,32469.2383,34628.9413,33549.0898,1079.8515,LOW,İstanbul → Tekirdağ
2026-05-11,İstanbul,Yalova,17153.6183,37441.8981,39224.4323,38333.1652,891.2671,LOW,İstanbul → Yalova
2026-05-11,İstanbul,Zonguldak,4386.7503,11904.1929,12789.3657,12346.7793,442.5864,LOW,İstanbul → Zonguldak
2026-05-11,İstanbul,Şanlıurfa,8032.8099,18410.73,19015.0061,18712.868,302.138,LOW,İstanbul → Şanlıurfa
2026-05-11,Şanlıurfa,Eskişehir,3072.0394,6617.4908,7182.019,6899.7549,282.2641,LOW,Şanlıurfa → Eskişehir
2026-05-11,Şanlıurfa,Manisa,2537.1458,6120.264,6306.9364,6213.6002,93.3362,LOW,Şanlıurfa → Manisa
2026-05-11,Şanlıurfa,Tekirdağ,3257.3418,6587.2404,6851.8891,6719.5648,132.3244,LOW,Şanlıurfa → Tekirdağ
2026-05-12,Balıkesir,Bilecik,1877.9699,4324.7549,4477.7602,4401.2575,76.5026,LOW,Balıkesir → Bilecik
2026-05-12,Balıkesir,Eskişehir,4963.9026,8561.1828,8758.8443,8660.0136,98.8308,LOW,Balıkesir → Eskişehir
2026-05-12,Balıkesir,Manisa,5690.2522,9344.0131,9509.0422,9426.5276,82.5145,LOW,Balıkesir → Manisa
2026-05-12,Balıkesir,Tekirdağ,4811.728,7985.296,8383.1812,8184.2386,198.9426,LOW,Balıkesir → Tekirdağ
2026-05-12,Balıkesir,Yalova,6121.2649,9105.7624,9310.439,9208.1007,102.3383,LOW,Balıkesir → Yalova
2026-05-12,Balıkesir,İstanbul,4554.1813,7933.6414,8195.6506,8064.646,131.0046,LOW,Balıkesir → İstanbul
2026-05-12,Bilecik,Eskişehir,3190.9202,5006.4878,5372.5331,5189.5104,183.0226,LOW,Bilecik → Eskişehir
2026-05-12,Bilecik,Manisa,3296.6306,5194.0266,5460.3436,5327.1851,133.1585,LOW,Bilecik → Manisa
2026-05-12,Eskişehir,Balıkesir,3382.9414,7179.5043,7508.3378,7343.9211,164.4168,LOW,Eskişehir → Balıkesir
2026-05-12,Eskişehir,Bilecik,2083.9537,4700.5935,5054.355,4877.4742,176.8807,LOW,Eskişehir → Bilecik
2026-05-12,Eskişehir,Erzincan,1271.1063,3009.6267,3356.5747,3183.1007,173.474,LOW,Eskişehir → Erzincan
2026-05-12,Eskişehir,Isparta,1009.8304,2986.3746,3027.2038,3006.7892,20.4146,LOW,Eskişehir → Isparta
2026-05-12,Eskişehir,Kütahya,1235.0023,3111.7365,3457.1119,3284.4242,172.6877,LOW,Eskişehir → Kütahya
2026-05-12,Eskişehir,Manisa,4627.4004,8546.4751,8802.2627,8674.3689,127.8938,LOW,Eskişehir → Manisa
2026-05-12,Eskişehir,Mardin,1487.0593,3459.2376,3715.781,3587.5093,128.2717,LOW,Eskişehir → Mardin
2026-05-12,Eskişehir,Mersin,1527.1612,3748.4995,4252.8163,4000.6579,252.1584,LOW,Eskişehir → Mersin
2026-05-12,Eskişehir,Tekirdağ,4416.9439,8221.8274,8512.522,8367.1747,145.3473,LOW,Eskişehir → Tekirdağ
2026-05-12,Eskişehir,Yalova,6752.0793,10089.7983,10321.6786,10205.7384,115.9401,LOW,Eskişehir → Yalova
2026-05-12,Eskişehir,İstanbul,3697.7231,7665.9739,7931.1436,7798.5588,132.5849,LOW,Eskişehir → İstanbul
2026-05-12,Eskişehir,Şanlıurfa,1324.098,3621.578,3857.9922,3739.7851,118.2071,LOW,Eskişehir → Şanlıurfa
2026-05-12,Kocaeli,Balıkesir,13965.5054,29479.7991,31558.7832,30519.2912,1039.4921,LOW,Kocaeli → Balıkesir
2026-05-12,Kocaeli,Bilecik,7580.1434,17495.6887,18694.5637,18095.1262,599.4375,LOW,Kocaeli → Bilecik
2026-05-12,Kocaeli,Erzincan,5098.9583,11338.098,12090.6329,11714.3655,376.2675,LOW,Kocaeli → Erzincan
2026-05-12,Kocaeli,Eskişehir,10533.0698,20599.9815,22069.9914,21334.9864,735.0049,LOW,Kocaeli → Eskişehir
2026-05-12,Kocaeli,Isparta,1890.4536,6283.4149,6745.6452,6514.5301,231.1152,LOW,Kocaeli → Isparta
2026-05-12,Kocaeli,Kütahya,5092.6296,11461.6061,12168.018,11814.812,353.2059,LOW,Kocaeli → Kütahya
2026-05-12,Kocaeli,Manisa,10582.7867,20625.3429,22214.5973,21419.9701,794.6272,LOW,Kocaeli → Manisa
2026-05-12,Kocaeli,Mardin,5475.3243,11712.8915,12482.6527,12097.7721,384.8806,LOW,Kocaeli → Mardin
2026-05-12,Kocaeli,Mersin,11443.7893,24615.013,26101.7283,25358.3706,743.3576,LOW,Kocaeli → Mersin
2026-05-12,Kocaeli,Sivas,1941.6113,6636.5459,7173.4708,6905.0083,268.4624,LOW,Kocaeli → Sivas
2026-05-12,Kocaeli,Tekirdağ,15287.7264,30809.6613,33029.5052,31919.5832,1109.9219,LOW,Kocaeli → Tekirdağ
2026-05-12,Kocaeli,Yalova,16673.6948,33450.3726,35477.5206,34463.9466,1013.574,LOW,Kocaeli → Yalova
2026-05-12,Kocaeli,İstanbul,14490.5098,29627.7837,31647.7476,30637.7656,1009.9819,LOW,Kocaeli → İstanbul
2026-05-12,Kocaeli,Şanlıurfa,5282.9098,13509.8002,14540.2712,14025.0357,515.2355,LOW,Kocaeli → Şanlıurfa
2026-05-12,Kütahya,Eskişehir,1113.4076,2131.1262,2388.529,2259.8276,128.7014,LOW,Kütahya → Eskişehir
2026-05-12,Manisa,Balıkesir,12483.8305,23143.0067,24510.6811,23826.8439,683.8372,LOW,Manisa → Balıkesir
2026-05-12,Manisa,Bilecik,7453.1086,14836.5584,15857.0618,15346.8101,510.2517,LOW,Manisa → Bilecik
2026-05-12,Manisa,Denizli,845.0378,3834.5623,4007.7903,3921.1763,86.614,LOW,Manisa → Denizli
2026-05-12,Manisa,Eskişehir,8427.6172,16175.4862,16925.1813,16550.3338,374.8476,LOW,Manisa → Eskişehir
2026-05-12,Manisa,Isparta,6660.193,11884.7297,12425.0943,12154.912,270.1823,LOW,Manisa → Isparta
2026-05-12,Manisa,Kütahya,6619.7627,12182.9875,12759.9221,12471.4548,288.4673,LOW,Manisa → Kütahya
2026-05-12,Manisa,Mersin,4880.172,9971.7989,10502.5794,10237.1892,265.3903,LOW,Manisa → Mersin
2026-05-12,Manisa,Sivas,1367.6587,4842.9775,5338.0259,5090.5017,247.5242,LOW,Manisa → Sivas
2026-05-12,Manisa,Tekirdağ,10445.5969,19513.7723,20562.5702,20038.1712,524.3989,LOW,Manisa → Tekirdağ
2026-05-12,Manisa,Yalova,13258.5778,24014.8629,25377.7027,24696.2828,681.4199,LOW,Manisa → Yalova
2026-05-12,Manisa,İstanbul,7225.2179,14344.7465,15215.3397,14780.0431,435.2966,LOW,Manisa → İstanbul
2026-05-12,Mersin,Eskişehir,1191.0633,2682.6897,2868.8101,2775.7499,93.0602,LOW,Mersin → Eskişehir
2026-05-12,Mersin,Manisa,681.1958,1965.7504,1994.4262,1980.0883,14.3379,LOW,Mersin → Manisa
2026-05-12,Sivas,Eskişehir,2997.0481,5533.8465,5796.3779,5665.1122,131.2657,LOW,Sivas → Eskişehir
2026-05-12,Tekirdağ,Balıkesir,7745.8122,13121.2399,13888.1208,13504.6804,383.4405,LOW,Tekirdağ → Balıkesir
2026-05-12,Tekirdağ,Bilecik,4519.6144,8755.5986,9249.8736,9002.7361,247.1375,LOW,Tekirdağ → Bilecik
2026-05-12,Tekirdağ,Denizli,669.303,2857.4728,3022.5297,2940.0013,82.5285,LOW,Tekirdağ → Denizli
2026-05-12,Tekirdağ,Eskişehir,9096.7117,15312.3091,16284.3887,15798.3489,486.0398,LOW,Tekirdağ → Eskişehir
2026-05-12,Tekirdağ,Isparta,510.9674,3429.5674,3644.0355,3536.8015,107.2341,MEDIUM,Tekirdağ → Isparta
2026-05-12,Tekirdağ,Karaman,497.4506,2865.8856,2975.3323,2920.6089,54.7233,LOW,Tekirdağ → Karaman
2026-05-12,Tekirdağ,Kütahya,1274.3077,4506.5158,4691.7527,4599.1342,92.6184,LOW,Tekirdağ → Kütahya
2026-05-12,Tekirdağ,Manisa,8820.3444,15410.0611,16277.3885,15843.7248,433.6637,LOW,Tekirdağ → Manisa
2026-05-12,Tekirdağ,Mersin,3605.7459,7884.9829,8367.1034,8126.0431,241.0602,LOW,Tekirdağ → Mersin
2026-05-12,Tekirdağ,Yalova,12369.3802,21850.5783,22851.2435,22350.9109,500.3326,LOW,Tekirdağ → Yalova
2026-05-12,Tekirdağ,Zonguldak,1015.4467,3104.7511,3172.7849,3138.768,34.0169,LOW,Tekirdağ → Zonguldak
2026-05-12,Tekirdağ,İstanbul,8759.4978,15064.3834,15928.6109,15496.4971,432.1137,LOW,Tekirdağ → İstanbul
2026-05-12,Tekirdağ,Şanlıurfa,1623.8441,4825.0389,5092.8268,4958.9329,133.894,LOW,Tekirdağ → Şanlıurfa
2026-05-12,Yalova,Balıkesir,11291.8052,20848.3974,21806.8887,21327.643,479.2456,LOW,Yalova → Balıkesir
2026-05-12,Yalova,Bilecik,5359.8027,10929.691,11744.2795,11336.9852,407.2942,LOW,Yalova → Bilecik
2026-05-12,Yalova,Eskişehir,14435.2616,26765.511,28213.2181,27489.3645,723.8535,LOW,Yalova → Eskişehir
2026-05-12,Yalova,Kütahya,2537.2387,6528.2862,6991.8752,6760.0807,231.7945,LOW,Yalova → Kütahya
2026-05-12,Yalova,Manisa,12683.4395,24774.0441,25770.2627,25272.1534,498.1093,LOW,Yalova → Manisa
2026-05-12,Yalova,Mersin,5474.3774,10986.7244,11686.2952,11336.5098,349.7854,LOW,Yalova → Mersin
2026-05-12,Yalova,Tekirdağ,14661.3551,27138.3103,28626.3805,27882.3454,744.0351,LOW,Yalova → Tekirdağ
2026-05-12,Yalova,İstanbul,13378.5593,25667.8659,26864.3589,26266.1124,598.2465,LOW,Yalova → İstanbul
2026-05-12,İstanbul,Balıkesir,14990.6804,32372.7862,34181.4108,33277.0985,904.3123,LOW,İstanbul → Balıkesir
2026-05-12,İstanbul,Bilecik,8651.8576,21148.3427,22456.0671,21802.2049,653.8622,LOW,İstanbul → Bilecik
2026-05-12,İstanbul,Denizli,1326.4564,7278.0333,7918.8158,7598.4246,320.3913,MEDIUM,İstanbul → Denizli
2026-05-12,İstanbul,Erzincan,5439.8075,13735.8705,14624.8041,14180.3373,444.4668,LOW,İstanbul → Erzincan
2026-05-12,İstanbul,Eskişehir,15589.128,33199.3556,34777.1713,33988.2634,788.9078,LOW,İstanbul → Eskişehir
2026-05-12,İstanbul,Isparta,3860.1561,11114.5225,11251.4688,11182.9957,68.4732,LOW,İstanbul → Isparta
2026-05-12,İstanbul,Karaman,1291.9776,6122.9171,6706.5006,6414.7089,291.7918,MEDIUM,İstanbul → Karaman
2026-05-12,İstanbul,Kütahya,5133.4012,13712.9375,14449.1082,14081.0229,368.0854,LOW,İstanbul → Kütahya
2026-05-12,İstanbul,Manisa,15741.2841,33178.8591,34868.9999,34023.9295,845.0704,LOW,İstanbul → Manisa
2026-05-12,İstanbul,Mardin,5497.7042,14617.2667,15605.9039,15111.5853,494.3186,LOW,İstanbul → Mardin
2026-05-12,İstanbul,Mersin,12190.1842,24297.6697,25519.0976,24908.3837,610.714,LOW,İstanbul → Mersin
2026-05-12,İstanbul,Sivas,4698.8948,11710.5397,12209.6018,11960.0708,249.5311,LOW,İstanbul → Sivas
2026-05-12,İstanbul,Tekirdağ,13458.9854,28895.2036,30669.627,29782.4153,887.2117,LOW,İstanbul → Tekirdağ
2026-05-12,İstanbul,Yalova,15105.508,32688.3831,34504.7849,33596.584,908.2009,LOW,İstanbul → Yalova
2026-05-12,İstanbul,Zonguldak,3480.5328,9522.418,10138.7331,9830.5755,308.1575,LOW,İstanbul → Zonguldak
2026-05-12,İstanbul,Şanlıurfa,5784.4414,14537.2928,15507.1387,15022.2158,484.923,LOW,İstanbul → Şanlıurfa
2026-05-12,Şanlıurfa,Eskişehir,926.2606,3446.224,3862.9936,3654.6088,208.3848,LOW,Şanlıurfa → Eskişehir
2026-05-12,Şanlıurfa,Manisa,1137.2256,3828.4513,3828.4513,3828.4513,0.0,LOW,Şanlıurfa → Manisa
2026-05-12,Şanlıurfa,Tekirdağ,1084.9735,3699.3993,3752.2402,3725.8198,26.4205,LOW,Şanlıurfa → Tekirdağ
2026-05-13,Balıkesir,Bilecik,1362.0447,3625.9617,3948.9535,3787.4576,161.4959,LOW,Balıkesir → Bilecik
2026-05-13,Balıkesir,Eskişehir,3784.1715,7301.4881,7450.3194,7375.9038,74.4157,LOW,Balıkesir → Eskişehir
2026-05-13,Balıkesir,Manisa,4414.5305,7922.1104,8131.5111,8026.8108,104.7004,LOW,Balıkesir → Manisa
2026-05-13,Balıkesir,Tekirdağ,3725.0832,6772.9479,7166.1134,6969.5307,196.5828,LOW,Balıkesir → Tekirdağ
2026-05-13,Balıkesir,Yalova,4910.7679,8172.5254,8387.5996,8280.0625,107.5371,LOW,Balıkesir → Yalova
2026-05-13,Balıkesir,İstanbul,3419.6641,6430.8479,6666.2585,6548.5532,117.7053,LOW,Balıkesir → İstanbul
2026-05-13,Bilecik,Eskişehir,2232.7136,4289.656,4901.2797,4595.4679,305.8119,LOW,Bilecik → Eskişehir
2026-05-13,Bilecik,Manisa,2458.0482,4682.2919,5198.7689,4940.5304,258.2385,LOW,Bilecik → Manisa
2026-05-13,Eskişehir,Balıkesir,3075.9922,6588.6244,7002.3661,6795.4953,206.8709,LOW,Eskişehir → Balıkesir
2026-05-13,Eskişehir,Bilecik,1543.5502,3905.3371,4371.7559,4138.5465,233.2094,LOW,Eskişehir → Bilecik
2026-05-13,Eskişehir,Erzincan,940.2197,2717.2304,2952.8264,2835.0284,117.798,LOW,Eskişehir → Erzincan
2026-05-13,Eskişehir,Isparta,1024.9027,2692.58,2860.0866,2776.3333,83.7533,LOW,Eskişehir → Isparta
2026-05-13,Eskişehir,Kütahya,1206.1801,2719.1141,2975.0879,2847.101,127.9869,LOW,Eskişehir → Kütahya
2026-05-13,Eskişehir,Manisa,3721.2773,7309.6963,7596.8146,7453.2555,143.5592,LOW,Eskişehir → Manisa
2026-05-13,Eskişehir,Mardin,1233.8751,2931.7586,3234.0171,3082.8878,151.1292,LOW,Eskişehir → Mardin
2026-05-13,Eskişehir,Mersin,1318.2243,3324.2285,3708.7934,3516.5109,192.2824,LOW,Eskişehir → Mersin
2026-05-13,Eskişehir,Tekirdağ,3314.0725,6821.3594,7061.9136,6941.6365,120.2771,LOW,Eskişehir → Tekirdağ
2026-05-13,Eskişehir,Yalova,6027.2657,10062.9838,10242.3144,10152.6491,89.6653,LOW,Eskişehir → Yalova
2026-05-13,Eskişehir,İstanbul,3124.5888,6720.2238,7023.4303,6871.8271,151.6033,LOW,Eskişehir → İstanbul
2026-05-13,Eskişehir,Şanlıurfa,1075.7527,2963.915,3216.4681,3090.1916,126.2766,LOW,Eskişehir → Şanlıurfa
2026-05-13,Kocaeli,Balıkesir,13914.2186,28528.0226,30619.4047,29573.7136,1045.691,LOW,Kocaeli → Balıkesir
2026-05-13,Kocaeli,Bilecik,8482.9307,17445.4471,18731.8198,18088.6334,643.1863,LOW,Kocaeli → Bilecik
2026-05-13,Kocaeli,Erzincan,3921.2443,10387.8893,11292.6531,10840.2712,452.3819,LOW,Kocaeli → Erzincan
2026-05-13,Kocaeli,Eskişehir,11098.3713,20079.0465,21347.5001,20713.2733,634.2268,LOW,Kocaeli → Eskişehir
2026-05-13,Kocaeli,Isparta,1364.2381,5849.7524,6424.2966,6137.0245,287.2721,MEDIUM,Kocaeli → Isparta
2026-05-13,Kocaeli,Kütahya,4519.5853,11002.1678,11809.5891,11405.8784,403.7106,LOW,Kocaeli → Kütahya
2026-05-13,Kocaeli,Manisa,10972.7256,19628.088,20790.1635,20209.1257,581.0377,LOW,Kocaeli → Manisa
2026-05-13,Kocaeli,Mardin,4324.3672,10902.3685,11741.4882,11321.9283,419.5598,LOW,Kocaeli → Mardin
2026-05-13,Kocaeli,Mersin,11238.9959,23020.6141,24647.8071,23834.2106,813.5965,LOW,Kocaeli → Mersin
2026-05-13,Kocaeli,Sivas,1767.6318,6003.254,6653.863,6328.5585,325.3045,MEDIUM,Kocaeli → Sivas
2026-05-13,Kocaeli,Tekirdağ,14777.3195,30031.99,31819.6365,30925.8132,893.8232,LOW,Kocaeli → Tekirdağ
2026-05-13,Kocaeli,Yalova,16486.8401,31618.2745,33328.3289,32473.3017,855.0272,LOW,Kocaeli → Yalova
2026-05-13,Kocaeli,İstanbul,14198.8386,29109.2416,31094.7051,30101.9733,992.7317,LOW,Kocaeli → İstanbul
2026-05-13,Kocaeli,Şanlıurfa,6103.1267,13378.4711,14400.1393,13889.3052,510.8341,LOW,Kocaeli → Şanlıurfa
2026-05-13,Kütahya,Eskişehir,921.5787,2288.9791,2462.6544,2375.8167,86.8376,LOW,Kütahya → Eskişehir
2026-05-13,Manisa,Balıkesir,11715.6294,21743.6329,22764.6989,22254.1659,510.533,LOW,Manisa → Balıkesir
2026-05-13,Manisa,Bilecik,6976.5291,14077.3501,15013.9552,14545.6527,468.3026,LOW,Manisa → Bilecik
2026-05-13,Manisa,Denizli,653.6513,3247.689,3482.3956,3365.0423,117.3533,LOW,Manisa → Denizli
2026-05-13,Manisa,Eskişehir,8291.258,14780.0958,15653.3163,15216.7061,436.6103,LOW,Manisa → Eskişehir
2026-05-13,Manisa,Isparta,6544.07,11457.1902,11822.8107,11640.0005,182.8103,LOW,Manisa → Isparta
2026-05-13,Manisa,Kütahya,6294.8189,11662.3381,12052.9999,11857.669,195.3309,LOW,Manisa → Kütahya
2026-05-13,Manisa,Mersin,4233.4828,9171.2906,9711.5074,9441.399,270.1084,LOW,Manisa → Mersin
2026-05-13,Manisa,Sivas,1124.9798,4228.6154,4666.2947,4447.4551,218.8397,LOW,Manisa → Sivas
2026-05-13,Manisa,Tekirdağ,9913.0835,18137.5168,19053.974,18595.7454,458.2286,LOW,Manisa → Tekirdağ
2026-05-13,Manisa,Yalova,12230.1216,23125.0155,24050.6575,23587.8365,462.821,LOW,Manisa → Yalova
2026-05-13,Manisa,İstanbul,6185.3797,12363.683,12938.4887,12651.0858,287.4028,LOW,Manisa → İstanbul
2026-05-13,Mersin,Eskişehir,650.9422,2176.5993,2468.0687,2322.334,145.7347,LOW,Mersin → Eskişehir
2026-05-13,Mersin,Manisa,320.6736,1742.5533,1946.5061,1844.5297,101.9764,LOW,Mersin → Manisa
2026-05-13,Sivas,Eskişehir,2199.7034,4885.0224,5277.6954,5081.3589,196.3365,LOW,Sivas → Eskişehir
2026-05-13,Tekirdağ,Balıkesir,6910.2841,12006.3359,12664.6386,12335.4873,329.1514,LOW,Tekirdağ → Balıkesir
2026-05-13,Tekirdağ,Bilecik,2981.7713,7385.2852,7879.8697,7632.5774,247.2922,LOW,Tekirdağ → Bilecik
2026-05-13,Tekirdağ,Denizli,478.0852,2732.6803,2991.1296,2861.905,129.2247,MEDIUM,Tekirdağ → Denizli
2026-05-13,Tekirdağ,Eskişehir,8234.3683,13818.8785,14528.733,14173.8057,354.9272,LOW,Tekirdağ → Eskişehir
2026-05-13,Tekirdağ,Isparta,523.8766,3008.2625,3256.8149,3132.5387,124.2762,MEDIUM,Tekirdağ → Isparta
2026-05-13,Tekirdağ,Karaman,481.5299,2741.0854,2966.3553,2853.7204,112.635,MEDIUM,Tekirdağ → Karaman
2026-05-13,Tekirdağ,Kütahya,764.1655,3738.4977,4131.3337,3934.9157,196.418,MEDIUM,Tekirdağ → Kütahya
2026-05-13,Tekirdağ,Manisa,7765.595,13979.9772,14784.7124,14382.3448,402.3676,LOW,Tekirdağ → Manisa
2026-05-13,Tekirdağ,Mersin,2170.3248,6334.8778,6770.4147,6552.6463,217.7685,LOW,Tekirdağ → Mersin
2026-05-13,Tekirdağ,Yalova,12356.7952,20669.1917,21721.0707,21195.1312,525.9395,LOW,Tekirdağ → Yalova
2026-05-13,Tekirdağ,Zonguldak,750.8983,2591.086,2782.6465,2686.8663,95.7803,LOW,Tekirdağ → Zonguldak
2026-05-13,Tekirdağ,İstanbul,8108.8531,13559.6385,14251.5755,13905.607,345.9685,LOW,Tekirdağ → İstanbul
2026-05-13,Tekirdağ,Şanlıurfa,860.2,4235.6591,4766.7273,4501.1932,265.5341,MEDIUM,Tekirdağ → Şanlıurfa
2026-05-13,Yalova,Balıkesir,10468.7904,18242.2542,19134.1685,18688.2114,445.9572,LOW,Yalova → Balıkesir
2026-05-13,Yalova,Bilecik,5162.7083,10040.8989,10814.5399,10427.7194,386.8205,LOW,Yalova → Bilecik
2026-05-13,Yalova,Eskişehir,13568.1075,25311.5874,26491.223,25901.4052,589.8178,LOW,Yalova → Eskişehir
2026-05-13,Yalova,Kütahya,1865.9115,5523.9562,5900.4462,5712.2012,188.245,LOW,Yalova → Kütahya
2026-05-13,Yalova,Manisa,11797.3021,23173.1825,24167.0706,23670.1266,496.9441,LOW,Yalova → Manisa
2026-05-13,Yalova,Mersin,5394.158,10658.5859,11460.944,11059.7649,401.179,LOW,Yalova → Mersin
2026-05-13,Yalova,Tekirdağ,13643.1276,25215.2839,26210.1082,25712.6961,497.4122,LOW,Yalova → Tekirdağ
2026-05-13,Yalova,İstanbul,12319.8769,24313.229,25334.5797,24823.9043,510.6753,LOW,Yalova → İstanbul
2026-05-13,İstanbul,Balıkesir,15247.8133,30895.0816,32489.2586,31692.1701,797.0885,LOW,İstanbul → Balıkesir
2026-05-13,İstanbul,Bilecik,9016.3856,19911.1453,20889.2103,20400.1778,489.0325,LOW,İstanbul → Bilecik
2026-05-13,İstanbul,Denizli,1780.5763,7079.0642,7792.7228,7435.8935,356.8293,MEDIUM,İstanbul → Denizli
2026-05-13,İstanbul,Erzincan,4905.5553,12129.4639,12934.1956,12531.8297,402.3658,LOW,İstanbul → Erzincan
2026-05-13,İstanbul,Eskişehir,15202.847,31961.0996,33635.3659,32798.2327,837.1331,LOW,İstanbul → Eskişehir
2026-05-13,İstanbul,Isparta,3614.4677,10060.121,10520.5076,10290.3143,230.1933,LOW,İstanbul → Isparta
2026-05-13,İstanbul,Karaman,1216.8636,5545.1399,6127.4987,5836.3193,291.1794,MEDIUM,İstanbul → Karaman
2026-05-13,İstanbul,Kütahya,4983.3024,13068.658,13752.3183,13410.4882,341.8302,LOW,İstanbul → Kütahya
2026-05-13,İstanbul,Manisa,15831.8097,32330.4743,33650.4956,32990.485,660.0107,LOW,İstanbul → Manisa
2026-05-13,İstanbul,Mardin,6207.5261,14462.7171,15352.3056,14907.5113,444.7942,LOW,İstanbul → Mardin
2026-05-13,İstanbul,Mersin,11293.0652,24116.8956,25615.3294,24866.1125,749.2169,LOW,İstanbul → Mersin
2026-05-13,İstanbul,Sivas,4309.2597,11325.6562,11709.2693,11517.4628,191.8066,LOW,İstanbul → Sivas
2026-05-13,İstanbul,Tekirdağ,13193.8493,27879.1498,29441.9562,28660.553,781.4032,LOW,İstanbul → Tekirdağ
2026-05-13,İstanbul,Yalova,15403.9855,31181.0126,32962.2437,32071.6282,890.6156,LOW,İstanbul → Yalova
2026-05-13,İstanbul,Zonguldak,3189.8112,8576.1194,9164.7569,8870.4382,294.3188,LOW,İstanbul → Zonguldak
2026-05-13,İstanbul,Şanlıurfa,4662.0706,13277.8387,14433.7005,13855.7696,577.9309,MEDIUM,İstanbul → Şanlıurfa
2026-05-13,Şanlıurfa,Eskişehir,643.9657,2850.9813,3292.4775,3071.7294,220.7481,MEDIUM,Şanlıurfa → Eskişehir
2026-05-13,Şanlıurfa,Manisa,493.2621,2925.7913,3036.5012,2981.1463,55.355,LOW,Şanlıurfa → Manisa
2026-05-13,Şanlıurfa,Tekirdağ,556.1204,3091.763,3091.763,3091.763,0.0,LOW,Şanlıurfa → Tekirdağ
2026-05-14,Balıkesir,Bilecik,917.0003,3172.6274,3393.3804,3283.0039,110.3765,LOW,Balıkesir → Bilecik
2026-05-14,Balıkesir,Eskişehir,2903.8112,5974.577,6472.6351,6223.6061,249.0291,LOW,Balıkesir → Eskişehir
2026-05-14,Balıkesir,Manisa,3435.4872,6548.8554,6823.079,6685.9672,137.1118,LOW,Balıkesir → Manisa
2026-05-14,Balıkesir,Tekirdağ,2632.3788,5472.8822,5753.7482,5613.3152,140.433,LOW,Balıkesir → Tekirdağ
2026-05-14,Balıkesir,Yalova,4087.9783,6881.1753,7147.1321,7014.1537,132.9784,LOW,Balıkesir → Yalova
2026-05-14,Balıkesir,İstanbul,2758.2973,5258.5172,5643.4288,5450.973,192.4558,LOW,Balıkesir → İstanbul
2026-05-14,Bilecik,Eskişehir,1529.817,3418.5679,4067.5471,3743.0575,324.4896,LOW,Bilecik → Eskişehir
2026-05-14,Bilecik,Manisa,1896.9189,4003.0979,4482.0395,4242.5687,239.4708,LOW,Bilecik → Manisa
2026-05-14,Eskişehir,Balıkesir,2976.9728,5577.1753,6141.8651,5859.5202,282.3449,LOW,Eskişehir → Balıkesir
2026-05-14,Eskişehir,Bilecik,1361.0647,3563.1999,3965.2075,3764.2037,201.0038,LOW,Eskişehir → Bilecik
2026-05-14,Eskişehir,Erzincan,597.2542,2541.8109,2807.7235,2674.7672,132.9563,LOW,Eskişehir → Erzincan
2026-05-14,Eskişehir,Isparta,812.2358,2444.4521,2823.0326,2633.7424,189.2903,LOW,Eskişehir → Isparta
2026-05-14,Eskişehir,Kütahya,879.4802,2594.7353,3081.0042,2837.8698,243.1345,LOW,Eskişehir → Kütahya
2026-05-14,Eskişehir,Manisa,3013.8132,6101.6455,6651.0394,6376.3425,274.697,LOW,Eskişehir → Manisa
2026-05-14,Eskişehir,Mardin,965.9002,2682.2396,3167.7996,2925.0196,242.78,LOW,Eskişehir → Mardin
2026-05-14,Eskişehir,Mersin,1066.6806,3045.7747,3567.9483,3306.8615,261.0868,LOW,Eskişehir → Mersin
2026-05-14,Eskişehir,Tekirdağ,3143.7224,5799.0282,6354.6872,6076.8577,277.8295,LOW,Eskişehir → Tekirdağ
2026-05-14,Eskişehir,Yalova,5878.8033,8994.0713,9282.765,9138.4181,144.3468,LOW,Eskişehir → Yalova
2026-05-14,Eskişehir,İstanbul,3023.2805,5753.0883,6331.3107,6042.1995,289.1112,LOW,Eskişehir → İstanbul
2026-05-14,Eskişehir,Şanlıurfa,699.8327,2555.7426,2819.9323,2687.8374,132.0948,LOW,Eskişehir → Şanlıurfa
2026-05-14,Kocaeli,Balıkesir,13350.0647,25135.1686,27049.8474,26092.508,957.3394,LOW,Kocaeli → Balıkesir
2026-05-14,Kocaeli,Bilecik,6196.9572,13604.1935,14308.0521,13956.1228,351.9293,LOW,Kocaeli → Bilecik
2026-05-14,Kocaeli,Erzincan,3087.5213,8400.9197,9460.6726,8930.7961,529.8764,LOW,Kocaeli → Erzincan
2026-05-14,Kocaeli,Eskişehir,9123.4291,15973.3774,16790.9992,16382.1883,408.8109,LOW,Kocaeli → Eskişehir
2026-05-14,Kocaeli,Isparta,1107.1791,4981.7195,5888.1745,5434.947,453.2275,HIGH,Kocaeli → Isparta
2026-05-14,Kocaeli,Kütahya,3019.9135,8881.4973,9843.7367,9362.617,481.1197,MEDIUM,Kocaeli → Kütahya
2026-05-14,Kocaeli,Manisa,9183.2815,16667.8919,17453.5833,17060.7376,392.8457,LOW,Kocaeli → Manisa
2026-05-14,Kocaeli,Mardin,2846.3768,8389.557,9425.7151,8907.636,518.079,MEDIUM,Kocaeli → Mardin
2026-05-14,Kocaeli,Mersin,8514.4789,16604.0477,17347.5582,16975.803,371.7553,LOW,Kocaeli → Mersin
2026-05-14,Kocaeli,Sivas,1373.1948,5163.1684,6068.8924,5616.0304,452.862,MEDIUM,Kocaeli → Sivas
2026-05-14,Kocaeli,Tekirdağ,13846.7574,25980.6168,27966.212,26973.4144,992.7976,LOW,Kocaeli → Tekirdağ
2026-05-14,Kocaeli,Yalova,16333.5951,28763.6517,30907.7903,29835.721,1072.0693,LOW,Kocaeli → Yalova
2026-05-14,Kocaeli,İstanbul,13502.1859,25709.7186,27136.4115,26423.065,713.3464,LOW,Kocaeli → İstanbul
2026-05-14,Kocaeli,Şanlıurfa,4218.4505,10094.0556,10885.8888,10489.9722,395.9166,LOW,Kocaeli → Şanlıurfa
2026-05-14,Kütahya,Eskişehir,679.3275,1833.0548,2188.8622,2010.9585,177.9037,LOW,Kütahya → Eskişehir
2026-05-14,Manisa,Balıkesir,10215.21,15739.9085,16478.0709,16108.9897,369.0812,LOW,Manisa → Balıkesir
2026-05-14,Manisa,Bilecik,5738.0926,10455.7486,11223.2434,10839.496,383.7474,LOW,Manisa → Bilecik
2026-05-14,Manisa,Denizli,650.9989,3176.2884,3649.9667,3413.1276,236.8392,MEDIUM,Manisa → Denizli
2026-05-14,Manisa,Eskişehir,6869.5856,11734.819,12518.2257,12126.5224,391.7034,LOW,Manisa → Eskişehir
2026-05-14,Manisa,Isparta,4417.9231,8883.9787,9170.5799,9027.2793,143.3006,LOW,Manisa → Isparta
2026-05-14,Manisa,Kütahya,4832.8316,10006.8469,10409.5141,10208.1805,201.3336,LOW,Manisa → Kütahya
2026-05-14,Manisa,Mersin,2712.2969,7147.1314,7796.4195,7471.7754,324.644,LOW,Manisa → Mersin
2026-05-14,Manisa,Sivas,715.467,3713.6043,4260.0956,3986.8499,273.2456,MEDIUM,Manisa → Sivas
2026-05-14,Manisa,Tekirdağ,7073.2555,12674.4469,13428.1917,13051.3193,376.8724,LOW,Manisa → Tekirdağ
2026-05-14,Manisa,Yalova,11156.9338,17217.5914,17911.5793,17564.5854,346.994,LOW,Manisa → Yalova
2026-05-14,Manisa,İstanbul,4592.0071,10174.2754,10917.3573,10545.8163,371.5409,LOW,Manisa → İstanbul
2026-05-14,Mersin,Eskişehir,505.535,1874.4793,2326.3515,2100.4154,225.9361,MEDIUM,Mersin → Eskişehir
2026-05-14,Mersin,Manisa,0.0,924.2585,1167.3398,1045.7991,121.5406,HIGH,Mersin → Manisa
2026-05-14,Sivas,Eskişehir,1801.6851,4351.3792,4591.8354,4471.6073,120.2281,LOW,Sivas → Eskişehir
2026-05-14,Tekirdağ,Balıkesir,5865.2454,10165.8048,10836.7721,10501.2885,335.4837,LOW,Tekirdağ → Balıkesir
2026-05-14,Tekirdağ,Bilecik,2732.8509,6460.2573,7077.1388,6768.698,308.4407,LOW,Tekirdağ → Bilecik
2026-05-14,Tekirdağ,Denizli,209.7707,2639.8896,3018.7629,2829.3263,189.4367,HIGH,Tekirdağ → Denizli
2026-05-14,Tekirdağ,Eskişehir,6777.0182,11401.194,12371.0286,11886.1113,484.9173,LOW,Tekirdağ → Eskişehir
2026-05-14,Tekirdağ,Isparta,504.0037,1347.1644,1347.1644,1347.1644,0.0,LOW,Tekirdağ → Isparta
2026-05-14,Tekirdağ,Karaman,529.6423,600.4031,600.4031,600.4031,0.0,LOW,Tekirdağ → Karaman
2026-05-14,Tekirdağ,Kütahya,406.6779,3402.9883,3924.4186,3663.7034,260.7151,HIGH,Tekirdağ → Kütahya
2026-05-14,Tekirdağ,Manisa,6615.6406,11461.381,12251.9355,11856.6583,395.2773,LOW,Tekirdağ → Manisa
2026-05-14,Tekirdağ,Mersin,1555.9815,5416.6372,6124.4787,5770.5579,353.9207,MEDIUM,Tekirdağ → Mersin
2026-05-14,Tekirdağ,Yalova,11286.4166,16342.3385,17002.1101,16672.2243,329.8858,LOW,Tekirdağ → Yalova
2026-05-14,Tekirdağ,Zonguldak,484.0459,2682.1654,2989.2984,2835.7319,153.5665,MEDIUM,Tekirdağ → Zonguldak
2026-05-14,Tekirdağ,İstanbul,6749.7133,11281.173,12205.1872,11743.1801,462.0071,LOW,Tekirdağ → İstanbul
2026-05-14,Tekirdağ,Şanlıurfa,503.211,3490.2193,4117.121,3803.6701,313.4508,HIGH,Tekirdağ → Şanlıurfa
2026-05-14,Yalova,Balıkesir,8145.3221,12993.8448,13608.2308,13301.0378,307.193,LOW,Yalova → Balıkesir
2026-05-14,Yalova,Bilecik,3907.4644,8311.1936,9029.7903,8670.492,359.2984,LOW,Yalova → Bilecik
2026-05-14,Yalova,Eskişehir,10588.384,17546.7994,18717.7905,18132.2949,585.4955,LOW,Yalova → Eskişehir
2026-05-14,Yalova,Kütahya,1403.3226,4778.9311,5373.1169,5076.024,297.0929,MEDIUM,Yalova → Kütahya
2026-05-14,Yalova,Manisa,10153.0134,16440.7151,17230.4985,16835.6068,394.8917,LOW,Yalova → Manisa
2026-05-14,Yalova,Mersin,3894.8301,8503.8857,9290.102,8896.9939,393.1082,LOW,Yalova → Mersin
2026-05-14,Yalova,Tekirdağ,10563.1361,17668.5552,18548.8537,18108.7045,440.1493,LOW,Yalova → Tekirdağ
2026-05-14,Yalova,İstanbul,10544.8444,17196.6438,17986.4269,17591.5353,394.8915,LOW,Yalova → İstanbul
2026-05-14,İstanbul,Balıkesir,14356.191,24973.2425,26167.4968,25570.3697,597.1272,LOW,İstanbul → Balıkesir
2026-05-14,İstanbul,Bilecik,7271.1297,14642.9988,15577.2527,15110.1257,467.1269,LOW,İstanbul → Bilecik
2026-05-14,İstanbul,Denizli,1764.3514,5076.52,5793.81,5435.165,358.645,LOW,İstanbul → Denizli
2026-05-14,İstanbul,Erzincan,4584.0834,9583.9419,9998.155,9791.0485,207.1066,LOW,İstanbul → Erzincan
2026-05-14,İstanbul,Eskişehir,15008.4005,27539.3681,29109.5678,28324.468,785.0999,LOW,İstanbul → Eskişehir
2026-05-14,İstanbul,Isparta,4420.2674,9565.2026,10636.7848,10100.9937,535.7911,LOW,İstanbul → Isparta
2026-05-14,İstanbul,Karaman,1016.4828,3727.5132,4419.4107,4073.462,345.9488,MEDIUM,İstanbul → Karaman
2026-05-14,İstanbul,Kütahya,5009.4956,10684.794,11709.9391,11197.3665,512.5725,LOW,İstanbul → Kütahya
2026-05-14,İstanbul,Manisa,15939.6602,28358.3318,30265.3937,29311.8628,953.531,LOW,İstanbul → Manisa
2026-05-14,İstanbul,Mardin,5445.9699,11086.5677,12087.6624,11587.115,500.5473,LOW,İstanbul → Mardin
2026-05-14,İstanbul,Mersin,9674.099,17759.1745,18505.9284,18132.5514,373.3769,LOW,İstanbul → Mersin
2026-05-14,İstanbul,Sivas,3752.3269,9473.7807,10421.3157,9947.5482,473.7675,LOW,İstanbul → Sivas
2026-05-14,İstanbul,Tekirdağ,11106.0538,20024.0759,21250.8366,20637.4562,613.3803,LOW,İstanbul → Tekirdağ
2026-05-14,İstanbul,Yalova,15442.5808,26189.447,27610.0803,26899.7637,710.3167,LOW,İstanbul → Yalova
2026-05-14,İstanbul,Zonguldak,2647.9168,7319.8959,8202.2438,7761.0698,441.1739,LOW,İstanbul → Zonguldak
2026-05-14,İstanbul,Şanlıurfa,3509.326,10056.4306,10657.79,10357.1103,300.6797,LOW,İstanbul → Şanlıurfa
2026-05-14,Şanlıurfa,Eskişehir,0.0,1672.4891,2137.0502,1904.7697,232.2806,HIGH,Şanlıurfa → Eskişehir
2026-05-14,Şanlıurfa,Manisa,466.7286,1485.4659,1485.4659,1485.4659,0.0,LOW,Şanlıurfa → Manisa
2026-05-14,Şanlıurfa,Tekirdağ,431.1508,1062.4234,1241.3547,1151.8891,89.4657,LOW,Şanlıurfa → Tekirdağ
2026-05-15,Balıkesir,Bilecik,876.5331,2753.9101,2921.5814,2837.7457,83.8356,LOW,Balıkesir → Bilecik
2026-05-15,Balıkesir,Eskişehir,2682.3589,5003.9786,5826.267,5415.1228,411.1442,LOW,Balıkesir → Eskişehir
2026-05-15,Balıkesir,Manisa,2708.3796,5107.4584,5824.0201,5465.7392,358.2808,LOW,Balıkesir → Manisa
2026-05-15,Balıkesir,Tekirdağ,2466.6456,4726.3944,5371.6879,5049.0411,322.6467,LOW,Balıkesir → Tekirdağ
2026-05-15,Balıkesir,Yalova,2921.7234,5856.5574,6013.7148,5935.1361,78.5787,LOW,Balıkesir → Yalova
2026-05-15,Balıkesir,İstanbul,2381.3426,4589.1084,5217.1247,4903.1166,314.0082,LOW,Balıkesir → İstanbul
2026-05-15,Bilecik,Eskişehir,1289.859,3220.8762,3430.8224,3325.8493,104.9731,LOW,Bilecik → Eskişehir
2026-05-15,Bilecik,Manisa,1560.73,3291.9543,3533.118,3412.5362,120.5819,LOW,Bilecik → Manisa
2026-05-15,Eskişehir,Balıkesir,2681.7235,4988.9968,5403.4538,5196.2253,207.2285,LOW,Eskişehir → Balıkesir
2026-05-15,Eskişehir,Bilecik,1207.6694,3633.3104,3805.2917,3719.3011,85.9907,LOW,Eskişehir → Bilecik
2026-05-15,Eskişehir,Erzincan,446.7968,2246.2327,2381.2043,2313.7185,67.4858,LOW,Eskişehir → Erzincan
2026-05-15,Eskişehir,Isparta,522.1796,2060.7684,2252.6208,2156.6946,95.9262,LOW,Eskişehir → Isparta
2026-05-15,Eskişehir,Kütahya,724.7207,2308.7113,2409.9581,2359.3347,50.6234,LOW,Eskişehir → Kütahya
2026-05-15,Eskişehir,Manisa,2721.764,5251.3925,5526.6242,5389.0084,137.6159,LOW,Eskişehir → Manisa
2026-05-15,Eskişehir,Mardin,816.3803,2294.3265,2451.0157,2372.6711,78.3446,LOW,Eskişehir → Mardin
2026-05-15,Eskişehir,Mersin,841.8577,2712.4495,2857.8664,2785.1579,72.7084,LOW,Eskişehir → Mersin
2026-05-15,Eskişehir,Tekirdağ,2754.44,5024.883,5497.3977,5261.1404,236.2574,LOW,Eskişehir → Tekirdağ
2026-05-15,Eskişehir,Yalova,4486.3563,7761.4456,8105.5625,7933.504,172.0584,LOW,Eskişehir → Yalova
2026-05-15,Eskişehir,İstanbul,2743.4799,5033.2726,5454.1009,5243.6868,210.4142,LOW,Eskişehir → İstanbul
2026-05-15,Eskişehir,Şanlıurfa,554.8173,2257.7325,2374.9173,2316.3249,58.5924,LOW,Eskişehir → Şanlıurfa
2026-05-15,Kocaeli,Balıkesir,12341.9987,22540.8358,24159.9894,23350.4126,809.5768,LOW,Kocaeli → Balıkesir
2026-05-15,Kocaeli,Bilecik,5056.2559,12436.303,13136.9887,12786.6458,350.3428,LOW,Kocaeli → Bilecik
2026-05-15,Kocaeli,Erzincan,2494.9067,7791.2089,8625.6647,8208.4368,417.2279,MEDIUM,Kocaeli → Erzincan
2026-05-15,Kocaeli,Eskişehir,8009.7668,15230.4214,15475.1881,15352.8048,122.3834,LOW,Kocaeli → Eskişehir
2026-05-15,Kocaeli,Isparta,989.048,4628.4603,5333.3478,4980.904,352.4437,MEDIUM,Kocaeli → Isparta
2026-05-15,Kocaeli,Kütahya,2208.157,7439.018,8518.6537,7978.8359,539.8179,MEDIUM,Kocaeli → Kütahya
2026-05-15,Kocaeli,Manisa,8389.6677,15371.555,15665.8322,15518.6936,147.1386,LOW,Kocaeli → Manisa
2026-05-15,Kocaeli,Mardin,2384.032,7568.0824,8342.9164,7955.4994,387.417,MEDIUM,Kocaeli → Mardin
2026-05-15,Kocaeli,Mersin,7502.8271,15070.5098,15612.7145,15341.6122,271.1024,LOW,Kocaeli → Mersin
2026-05-15,Kocaeli,Sivas,1050.3394,4871.9199,5369.2592,5120.5896,248.6697,MEDIUM,Kocaeli → Sivas
2026-05-15,Kocaeli,Tekirdağ,12919.1104,23654.3922,25495.2061,24574.7992,920.407,LOW,Kocaeli → Tekirdağ
2026-05-15,Kocaeli,Yalova,15377.4081,26863.5757,28468.6527,27666.1142,802.5385,LOW,Kocaeli → Yalova
2026-05-15,Kocaeli,İstanbul,12339.4226,22540.724,24332.3159,23436.52,895.796,LOW,Kocaeli → İstanbul
2026-05-15,Kocaeli,Şanlıurfa,3560.0399,9165.7271,9799.5785,9482.6528,316.9257,LOW,Kocaeli → Şanlıurfa
2026-05-15,Kütahya,Eskişehir,397.407,1577.4516,1976.4331,1776.9423,199.4907,MEDIUM,Kütahya → Eskişehir
2026-05-15,Manisa,Balıkesir,8493.9294,14532.739,14720.3122,14626.5256,93.7866,LOW,Manisa → Balıkesir
2026-05-15,Manisa,Bilecik,4585.7075,8696.9953,9545.591,9121.2931,424.2978,LOW,Manisa → Bilecik
2026-05-15,Manisa,Denizli,653.6055,2886.6928,3029.3162,2958.0045,71.3117,LOW,Manisa → Denizli
2026-05-15,Manisa,Eskişehir,4371.8393,9234.3928,9940.183,9587.2879,352.8951,LOW,Manisa → Eskişehir
2026-05-15,Manisa,Isparta,2550.235,6740.423,7005.3384,6872.8807,132.4577,LOW,Manisa → Isparta
2026-05-15,Manisa,Kütahya,2677.2222,7344.0137,7740.7261,7542.3699,198.3562,LOW,Manisa → Kütahya
2026-05-15,Manisa,Mersin,1902.1756,6332.5623,6771.2894,6551.9259,219.3636,LOW,Manisa → Mersin
2026-05-15,Manisa,Sivas,447.9744,3384.8533,3781.9422,3583.3977,198.5444,MEDIUM,Manisa → Sivas
2026-05-15,Manisa,Tekirdağ,6025.3508,10859.1584,12072.965,11466.0617,606.9033,LOW,Manisa → Tekirdağ
2026-05-15,Manisa,Yalova,9658.8868,16191.8469,16663.7793,16427.8131,235.9662,LOW,Manisa → Yalova
2026-05-15,Manisa,İstanbul,3991.1774,8437.9197,9338.7101,8888.3149,450.3952,LOW,Manisa → İstanbul
2026-05-15,Mersin,Eskişehir,269.1201,1714.9987,2150.656,1932.8273,217.8286,MEDIUM,Mersin → Eskişehir
2026-05-15,Mersin,Manisa,0.0,513.9363,627.7894,570.8629,56.9266,MEDIUM,Mersin → Manisa
2026-05-15,Sivas,Eskişehir,1603.2025,4202.5855,4438.5275,4320.5565,117.971,LOW,Sivas → Eskişehir
2026-05-15,Tekirdağ,Balıkesir,4568.6064,8214.6045,9050.7167,8632.6606,418.0561,LOW,Tekirdağ → Balıkesir
2026-05-15,Tekirdağ,Bilecik,2261.4101,5641.7951,6242.142,5941.9685,300.1734,LOW,Tekirdağ → Bilecik
2026-05-15,Tekirdağ,Denizli,110.6495,2089.6324,2365.7819,2227.7071,138.0747,HIGH,Tekirdağ → Denizli
2026-05-15,Tekirdağ,Eskişehir,5633.1841,9632.593,10519.0902,10075.8416,443.2486,LOW,Tekirdağ → Eskişehir
2026-05-15,Tekirdağ,Isparta,316.8475,913.3367,913.3367,913.3367,0.0,LOW,Tekirdağ → Isparta
2026-05-15,Tekirdağ,Karaman,242.9497,261.7369,261.7369,261.7369,0.0,LOW,Tekirdağ → Karaman
2026-05-15,Tekirdağ,Kütahya,336.102,2997.4496,3249.3089,3123.3793,125.9297,MEDIUM,Tekirdağ → Kütahya
2026-05-15,Tekirdağ,Manisa,5701.6316,9934.336,10699.5424,10316.9392,382.6032,LOW,Tekirdağ → Manisa
2026-05-15,Tekirdağ,Mersin,798.0961,4713.5446,5330.6808,5022.1127,308.5681,HIGH,Tekirdağ → Mersin
2026-05-15,Tekirdağ,Yalova,8837.5999,13401.265,14021.5932,13711.4291,310.1641,LOW,Tekirdağ → Yalova
2026-05-15,Tekirdağ,Zonguldak,437.5597,2256.7152,2378.0765,2317.3959,60.6807,LOW,Tekirdağ → Zonguldak
2026-05-15,Tekirdağ,İstanbul,5540.9992,9419.07,10315.6625,9867.3663,448.2963,LOW,Tekirdağ → İstanbul
2026-05-15,Tekirdağ,Şanlıurfa,215.5937,3064.7365,3641.3301,3353.0333,288.2968,HIGH,Tekirdağ → Şanlıurfa
2026-05-15,Yalova,Balıkesir,7757.047,13159.6057,14120.9152,13640.2604,480.6547,LOW,Yalova → Balıkesir
2026-05-15,Yalova,Bilecik,3155.1143,6814.5199,7600.6782,7207.5991,393.0792,LOW,Yalova → Bilecik
2026-05-15,Yalova,Eskişehir,8912.2211,15438.1387,16507.7504,15972.9446,534.8059,LOW,Yalova → Eskişehir
2026-05-15,Yalova,Kütahya,1352.5406,4490.2226,5141.4717,4815.8471,325.6245,MEDIUM,Yalova → Kütahya
2026-05-15,Yalova,Manisa,8421.019,14717.2448,15585.7755,15151.5101,434.2653,LOW,Yalova → Manisa
2026-05-15,Yalova,Mersin,2564.9125,6259.107,6864.5991,6561.8531,302.7461,LOW,Yalova → Mersin
2026-05-15,Yalova,Tekirdağ,9210.0205,15638.9703,16327.9416,15983.4559,344.4856,LOW,Yalova → Tekirdağ
2026-05-15,Yalova,İstanbul,8961.6637,15432.2298,16266.3807,15849.3053,417.0755,LOW,Yalova → İstanbul
2026-05-15,İstanbul,Balıkesir,12754.9101,23140.1262,24126.7331,23633.4297,493.3035,LOW,İstanbul → Balıkesir
2026-05-15,İstanbul,Bilecik,5757.021,12984.9221,13732.01,13358.4661,373.544,LOW,İstanbul → Bilecik
2026-05-15,İstanbul,Denizli,1485.4053,4714.9871,5647.8034,5181.3952,466.4081,MEDIUM,İstanbul → Denizli
2026-05-15,İstanbul,Erzincan,4136.4807,8694.8927,9122.755,8908.8238,213.9311,LOW,İstanbul → Erzincan
2026-05-15,İstanbul,Eskişehir,12953.1141,24954.7,26508.3196,25731.5098,776.8098,LOW,İstanbul → Eskişehir
2026-05-15,İstanbul,Isparta,3048.1944,7330.3443,8232.306,7781.3252,450.9809,LOW,İstanbul → Isparta
2026-05-15,İstanbul,Karaman,639.5566,3586.2905,4371.2539,3978.7722,392.4817,HIGH,İstanbul → Karaman
2026-05-15,İstanbul,Kütahya,4011.3361,9725.0218,10546.2682,10135.645,410.6232,LOW,İstanbul → Kütahya
2026-05-15,İstanbul,Manisa,13904.5861,26135.3008,27620.0567,26877.6788,742.378,LOW,İstanbul → Manisa
2026-05-15,İstanbul,Mardin,4410.2899,10037.7664,11014.7218,10526.2441,488.4777,LOW,İstanbul → Mardin
2026-05-15,İstanbul,Mersin,8611.5602,16250.6841,17078.0899,16664.387,413.7029,LOW,İstanbul → Mersin
2026-05-15,İstanbul,Sivas,2874.5055,7843.6816,8555.0547,8199.3682,355.6866,LOW,İstanbul → Sivas
2026-05-15,İstanbul,Tekirdağ,9816.9557,18136.9661,19115.0795,18626.0228,489.0567,LOW,İstanbul → Tekirdağ
2026-05-15,İstanbul,Yalova,13803.3665,23893.6055,24992.7432,24443.1743,549.5688,LOW,İstanbul → Yalova
2026-05-15,İstanbul,Zonguldak,2277.4649,6657.8932,7230.2987,6944.0959,286.2027,LOW,İstanbul → Zonguldak
2026-05-15,İstanbul,Şanlıurfa,4349.8963,10130.3409,11024.5043,10577.4226,447.0817,LOW,İstanbul → Şanlıurfa
2026-05-15,Şanlıurfa,Eskişehir,0.0,1426.1537,1692.8824,1559.518,133.3643,HIGH,Şanlıurfa → Eskişehir
2026-05-15,Şanlıurfa,Manisa,367.3511,1033.4616,1033.4616,1033.4616,0.0,LOW,Şanlıurfa → Manisa
2026-05-15,Şanlıurfa,Tekirdağ,294.1613,832.7751,832.7751,832.7751,0.0,LOW,Şanlıurfa → Tekirdağ
2026-05-16,Balıkesir,Bilecik,350.9662,350.9662,419.3705,385.1683,34.2021,LOW,Balıkesir → Bilecik
2026-05-16,Balıkesir,Eskişehir,1069.561,2120.5267,2324.5481,2222.5374,102.0107,LOW,Balıkesir → Eskişehir
2026-05-16,Balıkesir,Manisa,1388.912,2268.7424,2601.5229,2435.1326,166.3902,LOW,Balıkesir → Manisa
2026-05-16,Balıkesir,Tekirdağ,944.9881,1727.7811,1946.7106,1837.2459,109.4648,LOW,Balıkesir → Tekirdağ
2026-05-16,Balıkesir,Yalova,1566.9028,2267.1594,2497.5283,2382.3438,115.1844,LOW,Balıkesir → Yalova
2026-05-16,Balıkesir,İstanbul,1156.165,1722.0024,1937.2967,1829.6496,107.6472,LOW,Balıkesir → İstanbul
2026-05-16,Bilecik,Eskişehir,925.5282,1134.961,1295.3836,1215.1723,80.2113,LOW,Bilecik → Eskişehir
2026-05-16,Bilecik,Manisa,1087.9135,1169.7065,1308.2665,1238.9865,69.28,LOW,Bilecik → Manisa
2026-05-16,Eskişehir,Balıkesir,867.705,2051.7242,2505.7005,2278.7123,226.9881,LOW,Eskişehir → Balıkesir
2026-05-16,Eskişehir,Bilecik,530.9514,1004.2342,1239.8771,1122.0556,117.8214,LOW,Eskişehir → Bilecik
2026-05-16,Eskişehir,Erzincan,0.0,193.3779,326.8394,260.1087,66.7308,HIGH,Eskişehir → Erzincan
2026-05-16,Eskişehir,Isparta,212.0009,395.7257,483.1911,439.4584,43.7327,LOW,Eskişehir → Isparta
2026-05-16,Eskişehir,Kütahya,487.8422,487.9338,611.8944,549.9141,61.9803,LOW,Eskişehir → Kütahya
2026-05-16,Eskişehir,Manisa,1094.1065,1967.8493,2175.9614,2071.9054,104.0561,LOW,Eskişehir → Manisa
2026-05-16,Eskişehir,Mardin,0.0,397.6226,570.8719,484.2473,86.6247,HIGH,Eskişehir → Mardin
2026-05-16,Eskişehir,Mersin,457.2093,662.7351,819.305,741.02,78.2849,LOW,Eskişehir → Mersin
2026-05-16,Eskişehir,Tekirdağ,929.7577,2076.2,2499.7923,2287.9962,211.7962,LOW,Eskişehir → Tekirdağ
2026-05-16,Eskişehir,Yalova,1463.4215,2994.8875,3166.0221,3080.4548,85.5673,LOW,Eskişehir → Yalova
2026-05-16,Eskişehir,İstanbul,1133.222,1875.3557,2160.281,2017.8183,142.4626,LOW,Eskişehir → İstanbul
2026-05-16,Eskişehir,Şanlıurfa,44.9232,44.9232,44.9232,44.9232,0.0,LOW,Eskişehir → Şanlıurfa
2026-05-16,Kocaeli,Balıkesir,5996.6503,13396.5169,14567.5416,13982.0292,585.5123,LOW,Kocaeli → Balıkesir
2026-05-16,Kocaeli,Bilecik,3614.1637,8710.8822,9736.55,9223.7161,512.8339,LOW,Kocaeli → Bilecik
2026-05-16,Kocaeli,Erzincan,1873.6267,5809.4597,6012.311,5910.8853,101.4256,LOW,Kocaeli → Erzincan
2026-05-16,Kocaeli,Eskişehir,4029.8458,10339.7811,10758.692,10549.2365,209.4554,LOW,Kocaeli → Eskişehir
2026-05-16,Kocaeli,Isparta,571.5079,2112.9717,2143.8282,2128.3999,15.4282,LOW,Kocaeli → Isparta
2026-05-16,Kocaeli,Kütahya,1265.7235,4183.454,4453.2454,4318.3497,134.8957,LOW,Kocaeli → Kütahya
2026-05-16,Kocaeli,Manisa,3422.5427,8543.977,9130.1777,8837.0773,293.1003,LOW,Kocaeli → Manisa
2026-05-16,Kocaeli,Mardin,1587.6649,4552.5882,4883.4206,4718.0044,165.4162,LOW,Kocaeli → Mardin
2026-05-16,Kocaeli,Mersin,3853.6159,9108.8126,10252.5038,9680.6582,571.8456,LOW,Kocaeli → Mersin
2026-05-16,Kocaeli,Sivas,846.1574,1465.2844,1465.2844,1465.2844,0.0,LOW,Kocaeli → Sivas
2026-05-16,Kocaeli,Tekirdağ,6157.8338,13796.9349,15077.836,14437.3854,640.4505,LOW,Kocaeli → Tekirdağ
2026-05-16,Kocaeli,Yalova,7020.4852,13959.041,15296.8142,14627.9276,668.8866,LOW,Kocaeli → Yalova
2026-05-16,Kocaeli,İstanbul,6070.4262,13572.6558,14644.2561,14108.456,535.8002,LOW,Kocaeli → İstanbul
2026-05-16,Kocaeli,Şanlıurfa,2599.3698,6655.4661,7081.3096,6868.3878,212.9217,LOW,Kocaeli → Şanlıurfa
2026-05-16,Kütahya,Eskişehir,442.6146,529.5603,631.1311,580.3457,50.7854,LOW,Kütahya → Eskişehir
2026-05-16,Manisa,Balıkesir,2893.8203,6444.4835,7315.3223,6879.9029,435.4194,LOW,Manisa → Balıkesir
2026-05-16,Manisa,Bilecik,2294.5289,4615.6499,4934.2288,4774.9393,159.2894,LOW,Manisa → Bilecik
2026-05-16,Manisa,Denizli,67.7398,562.5304,570.1972,566.3638,3.8334,LOW,Manisa → Denizli
2026-05-16,Manisa,Eskişehir,1538.1806,4143.2772,4576.9017,4360.0894,216.8122,LOW,Manisa → Eskişehir
2026-05-16,Manisa,Isparta,1384.3868,2961.9331,3254.9807,3108.4569,146.5238,LOW,Manisa → Isparta
2026-05-16,Manisa,Kütahya,1252.1468,2499.5333,3216.2574,2857.8953,358.362,LOW,Manisa → Kütahya
2026-05-16,Manisa,Mersin,1088.8505,2587.2905,2763.9799,2675.6352,88.3447,LOW,Manisa → Mersin
2026-05-16,Manisa,Sivas,79.8519,483.2466,483.2466,483.2466,0.0,LOW,Manisa → Sivas
2026-05-16,Manisa,Tekirdağ,2817.0083,6166.4988,6785.6465,6476.0726,309.5738,LOW,Manisa → Tekirdağ
2026-05-16,Manisa,Yalova,3409.6756,7709.6054,8859.807,8284.7062,575.1008,LOW,Manisa → Yalova
2026-05-16,Manisa,İstanbul,2521.3281,5654.7084,5856.13,5755.4192,100.7108,LOW,Manisa → İstanbul
2026-05-16,Mersin,Eskişehir,338.0106,643.8738,666.245,655.0594,11.1856,LOW,Mersin → Eskişehir
2026-05-16,Mersin,Manisa,0.0,123.8044,245.965,184.8847,61.0803,HIGH,Mersin → Manisa
2026-05-16,Sivas,Eskişehir,826.3889,1504.3804,1771.5885,1637.9845,133.6041,LOW,Sivas → Eskişehir
2026-05-16,Tekirdağ,Balıkesir,2044.1162,4431.9136,4907.2049,4669.5592,237.6456,LOW,Tekirdağ → Balıkesir
2026-05-16,Tekirdağ,Bilecik,885.1722,1967.4994,2278.4009,2122.9502,155.4508,LOW,Tekirdağ → Bilecik
2026-05-16,Tekirdağ,Denizli,0.0,0.0,125.2487,62.6243,62.6243,HIGH,Tekirdağ → Denizli
2026-05-16,Tekirdağ,Eskişehir,2151.7141,4928.7463,5438.2076,5183.4769,254.7306,LOW,Tekirdağ → Eskişehir
2026-05-16,Tekirdağ,Isparta,0.0,76.0842,76.0842,76.0842,0.0,LOW,Tekirdağ → Isparta
2026-05-16,Tekirdağ,Karaman,0.0,0.0,0.0,0.0,0.0,LOW,Tekirdağ → Karaman
2026-05-16,Tekirdağ,Kütahya,0.0,301.9302,301.9302,301.9302,0.0,LOW,Tekirdağ → Kütahya
2026-05-16,Tekirdağ,Manisa,2068.1242,4751.9557,5623.6867,5187.8212,435.8655,LOW,Tekirdağ → Manisa
2026-05-16,Tekirdağ,Mersin,0.0,1316.5741,1659.0934,1487.8337,171.2596,HIGH,Tekirdağ → Mersin
2026-05-16,Tekirdağ,Yalova,2350.3343,5539.1761,6515.6307,6027.4034,488.2273,LOW,Tekirdağ → Yalova
2026-05-16,Tekirdağ,Zonguldak,0.0,422.598,422.598,422.598,0.0,LOW,Tekirdağ → Zonguldak
2026-05-16,Tekirdağ,İstanbul,2090.8584,4028.0504,4612.5591,4320.3048,292.2544,LOW,Tekirdağ → İstanbul
2026-05-16,Tekirdağ,Şanlıurfa,27.581,465.9737,465.9737,465.9737,0.0,LOW,Tekirdağ → Şanlıurfa
2026-05-16,Yalova,Balıkesir,2714.7604,5860.326,6905.1212,6382.7236,522.3976,LOW,Yalova → Balıkesir
2026-05-16,Yalova,Bilecik,1349.0281,3201.1573,3427.6443,3314.4008,113.2435,LOW,Yalova → Bilecik
2026-05-16,Yalova,Eskişehir,2771.9932,6913.3251,7978.9615,7446.1433,532.8182,LOW,Yalova → Eskişehir
2026-05-16,Yalova,Kütahya,268.0921,1413.9658,1735.3955,1574.6807,160.7149,MEDIUM,Yalova → Kütahya
2026-05-16,Yalova,Manisa,2729.3147,6902.3809,8069.7169,7486.0489,583.668,LOW,Yalova → Manisa
2026-05-16,Yalova,Mersin,864.2963,2099.6738,2302.3848,2201.0293,101.3555,LOW,Yalova → Mersin
2026-05-16,Yalova,Tekirdağ,3276.7386,7659.589,8886.4922,8273.0406,613.4516,LOW,Yalova → Tekirdağ
2026-05-16,Yalova,İstanbul,2862.7565,7327.5397,8635.5712,7981.5555,654.0158,MEDIUM,Yalova → İstanbul
2026-05-16,İstanbul,Balıkesir,3505.8746,7854.2934,9153.1479,8503.7207,649.4273,LOW,İstanbul → Balıkesir
2026-05-16,İstanbul,Bilecik,2617.9809,5513.9756,6300.8624,5907.419,393.4434,LOW,İstanbul → Bilecik
2026-05-16,İstanbul,Denizli,904.6997,1941.4371,1979.0027,1960.2199,18.7828,LOW,İstanbul → Denizli
2026-05-16,İstanbul,Erzincan,2190.9196,4807.8949,5080.6944,4944.2947,136.3998,LOW,İstanbul → Erzincan
2026-05-16,İstanbul,Eskişehir,3351.6395,8244.4663,9611.9353,8928.2008,683.7345,LOW,İstanbul → Eskişehir
2026-05-16,İstanbul,Isparta,1667.3114,2796.977,3022.8577,2909.9174,112.9404,LOW,İstanbul → Isparta
2026-05-16,İstanbul,Karaman,104.7552,1113.7963,1322.5937,1218.195,104.3987,MEDIUM,İstanbul → Karaman
2026-05-16,İstanbul,Kütahya,2373.2403,4889.7253,5556.6638,5223.1946,333.4693,LOW,İstanbul → Kütahya
2026-05-16,İstanbul,Manisa,4013.3175,9012.9025,10442.7221,9727.8123,714.9098,LOW,İstanbul → Manisa
2026-05-16,İstanbul,Mardin,2462.8122,4886.8321,5498.7166,5192.7744,305.9423,LOW,İstanbul → Mardin
2026-05-16,İstanbul,Mersin,2943.9886,5745.8024,7038.8683,6392.3354,646.533,LOW,İstanbul → Mersin
2026-05-16,İstanbul,Sivas,1366.6314,3296.2883,3296.2883,3296.2883,0.0,LOW,İstanbul → Sivas
2026-05-16,İstanbul,Tekirdağ,3018.2633,7430.3103,9093.1405,8261.7254,831.4151,MEDIUM,İstanbul → Tekirdağ
2026-05-16,İstanbul,Yalova,4074.7772,8624.0645,9932.4822,9278.2733,654.2088,LOW,İstanbul → Yalova
2026-05-16,İstanbul,Zonguldak,1020.5697,2192.5847,2354.876,2273.7304,81.1457,LOW,İstanbul → Zonguldak
2026-05-16,İstanbul,Şanlıurfa,1848.2759,3815.1413,4279.973,4047.5572,232.4159,LOW,İstanbul → Şanlıurfa
2026-05-16,Şanlıurfa,Eskişehir,0.0,666.3694,983.4377,824.9035,158.5341,HIGH,Şanlıurfa → Eskişehir
2026-05-16,Şanlıurfa,Manisa,191.6255,497.9677,497.9677,497.9677,0.0,LOW,Şanlıurfa → Manisa
2026-05-16,Şanlıurfa,Tekirdağ,252.9248,349.5772,456.8294,403.2033,53.6261,LOW,Şanlıurfa → Tekirdağ
2026-05-17,Balıkesir,Bilecik,0.0,0.0,0.0,0.0,0.0,LOW,Balıkesir → Bilecik
2026-05-17,Balıkesir,Eskişehir,238.7631,238.7631,392.8016,315.7823,77.0192,LOW,Balıkesir → Eskişehir
2026-05-17,Balıkesir,Manisa,327.9314,327.9314,413.3212,370.6263,42.6949,LOW,Balıkesir → Manisa
2026-05-17,Balıkesir,Tekirdağ,327.4221,327.4221,332.0411,329.7316,2.3095,LOW,Balıkesir → Tekirdağ
2026-05-17,Balıkesir,Yalova,397.3445,397.3445,485.4394,441.3919,44.0474,LOW,Balıkesir → Yalova
2026-05-17,Balıkesir,İstanbul,173.3596,173.3596,297.3716,235.3656,62.006,LOW,Balıkesir → İstanbul
2026-05-17,Bilecik,Eskişehir,0.0,0.0,0.0,0.0,0.0,LOW,Bilecik → Eskişehir
2026-05-17,Bilecik,Manisa,0.0,0.0,0.0,0.0,0.0,LOW,Bilecik → Manisa
2026-05-17,Eskişehir,Balıkesir,382.4039,542.3822,671.057,606.7196,64.3374,LOW,Eskişehir → Balıkesir
2026-05-17,Eskişehir,Bilecik,27.6244,27.6244,81.1507,54.3875,26.7631,LOW,Eskişehir → Bilecik
2026-05-17,Eskişehir,Erzincan,0.0,0.0,0.0,0.0,0.0,LOW,Eskişehir → Erzincan
2026-05-17,Eskişehir,Isparta,0.0,0.0,0.0,0.0,0.0,LOW,Eskişehir → Isparta
2026-05-17,Eskişehir,Kütahya,0.0,0.0,0.0,0.0,0.0,LOW,Eskişehir → Kütahya
2026-05-17,Eskişehir,Manisa,414.2866,605.4611,670.4321,637.9466,32.4855,LOW,Eskişehir → Manisa
2026-05-17,Eskişehir,Mardin,0.0,0.0,0.0,0.0,0.0,LOW,Eskişehir → Mardin
2026-05-17,Eskişehir,Mersin,0.0,0.0,0.0,0.0,0.0,LOW,Eskişehir → Mersin
2026-05-17,Eskişehir,Tekirdağ,426.2703,626.1287,740.5166,683.3227,57.194,LOW,Eskişehir → Tekirdağ
2026-05-17,Eskişehir,Yalova,634.6508,634.6508,634.6508,634.6508,0.0,LOW,Eskişehir → Yalova
2026-05-17,Eskişehir,İstanbul,207.7425,309.9964,381.8296,345.913,35.9166,LOW,Eskişehir → İstanbul
2026-05-17,Eskişehir,Şanlıurfa,0.0,0.0,0.0,0.0,0.0,LOW,Eskişehir → Şanlıurfa
2026-05-17,Kocaeli,Balıkesir,5489.1233,11558.1498,12432.2925,11995.2212,437.0714,LOW,Kocaeli → Balıkesir
2026-05-17,Kocaeli,Bilecik,3341.051,7167.372,7573.8296,7370.6008,203.2288,LOW,Kocaeli → Bilecik
2026-05-17,Kocaeli,Erzincan,2015.2787,4685.9877,4725.264,4705.6259,19.6382,LOW,Kocaeli → Erzincan
2026-05-17,Kocaeli,Eskişehir,3851.973,8282.3027,8459.9584,8371.1305,88.8278,LOW,Kocaeli → Eskişehir
2026-05-17,Kocaeli,Isparta,988.0088,1886.1924,2019.904,1953.0482,66.8558,LOW,Kocaeli → Isparta
2026-05-17,Kocaeli,Kütahya,1317.5359,3833.1749,3833.1749,3833.1749,0.0,LOW,Kocaeli → Kütahya
2026-05-17,Kocaeli,Manisa,3244.82,7426.9617,7608.1238,7517.5428,90.5811,LOW,Kocaeli → Manisa
2026-05-17,Kocaeli,Mardin,1546.9418,4182.5889,4182.5889,4182.5889,0.0,LOW,Kocaeli → Mardin
2026-05-17,Kocaeli,Mersin,3753.8164,8326.0058,8755.5822,8540.794,214.7882,LOW,Kocaeli → Mersin
2026-05-17,Kocaeli,Sivas,1019.0452,1680.0357,1680.0357,1680.0357,0.0,LOW,Kocaeli → Sivas
2026-05-17,Kocaeli,Tekirdağ,5620.3148,11977.4479,12977.0892,12477.2686,499.8207,LOW,Kocaeli → Tekirdağ
2026-05-17,Kocaeli,Yalova,5503.4355,11835.6406,13028.2325,12431.9365,596.2959,LOW,Kocaeli → Yalova
2026-05-17,Kocaeli,İstanbul,5481.8172,11666.5538,12502.9262,12084.74,418.1862,LOW,Kocaeli → İstanbul
2026-05-17,Kocaeli,Şanlıurfa,2813.7545,6103.811,6251.0495,6177.4303,73.6193,LOW,Kocaeli → Şanlıurfa
2026-05-17,Kütahya,Eskişehir,0.0,0.0,0.0,0.0,0.0,LOW,Kütahya → Eskişehir
2026-05-17,Manisa,Balıkesir,2029.5727,4430.8587,4690.6884,4560.7736,129.9149,LOW,Manisa → Balıkesir
2026-05-17,Manisa,Bilecik,1626.4231,3514.5651,3654.0165,3584.2908,69.7257,LOW,Manisa → Bilecik
2026-05-17,Manisa,Denizli,154.3698,254.6636,254.6636,254.6636,0.0,LOW,Manisa → Denizli
2026-05-17,Manisa,Eskişehir,1684.8827,3724.7518,4275.7278,4000.2398,275.488,LOW,Manisa → Eskişehir
2026-05-17,Manisa,Isparta,1145.5134,2257.3877,2304.0329,2280.7103,23.3226,LOW,Manisa → Isparta
2026-05-17,Manisa,Kütahya,1508.8222,2438.3182,2745.1312,2591.7247,153.4065,LOW,Manisa → Kütahya
2026-05-17,Manisa,Mersin,1094.3302,1790.5135,1790.5135,1790.5135,0.0,LOW,Manisa → Mersin
2026-05-17,Manisa,Sivas,0.0,0.0,0.0,0.0,0.0,LOW,Manisa → Sivas
2026-05-17,Manisa,Tekirdağ,2060.3232,3532.8188,3816.5216,3674.6702,141.8514,LOW,Manisa → Tekirdağ
2026-05-17,Manisa,Yalova,2230.5179,4178.8472,4469.8712,4324.3592,145.512,LOW,Manisa → Yalova
2026-05-17,Manisa,İstanbul,1964.6021,3173.0843,3484.7682,3328.9262,155.8419,LOW,Manisa → İstanbul
2026-05-17,Mersin,Eskişehir,0.0,0.0,0.0,0.0,0.0,LOW,Mersin → Eskişehir
2026-05-17,Mersin,Manisa,0.0,0.0,0.0,0.0,0.0,LOW,Mersin → Manisa
2026-05-17,Sivas,Eskişehir,86.7707,86.7707,172.1231,129.4469,42.6762,LOW,Sivas → Eskişehir
2026-05-17,Tekirdağ,Balıkesir,1478.7366,2301.0944,2619.5512,2460.3228,159.2284,LOW,Tekirdağ → Balıkesir
2026-05-17,Tekirdağ,Bilecik,462.7605,756.393,967.9636,862.1783,105.7853,LOW,Tekirdağ → Bilecik
2026-05-17,Tekirdağ,Denizli,0.0,0.0,0.0,0.0,0.0,LOW,Tekirdağ → Denizli
2026-05-17,Tekirdağ,Eskişehir,1305.7426,2459.1042,2777.2527,2618.1784,159.0742,LOW,Tekirdağ → Eskişehir
2026-05-17,Tekirdağ,Isparta,0.0,0.0,0.0,0.0,0.0,LOW,Tekirdağ → Isparta
2026-05-17,Tekirdağ,Karaman,0.0,0.0,0.0,0.0,0.0,LOW,Tekirdağ → Karaman
2026-05-17,Tekirdağ,Kütahya,0.0,0.0,0.0,0.0,0.0,LOW,Tekirdağ → Kütahya
2026-05-17,Tekirdağ,Manisa,1331.4906,2609.23,3012.7253,2810.9777,201.7477,LOW,Tekirdağ → Manisa
2026-05-17,Tekirdağ,Mersin,169.7476,169.7476,367.9571,268.8524,99.1048,LOW,Tekirdağ → Mersin
2026-05-17,Tekirdağ,Yalova,1379.7368,2975.3098,3525.7279,3250.5188,275.209,LOW,Tekirdağ → Yalova
2026-05-17,Tekirdağ,Zonguldak,0.0,0.0,0.0,0.0,0.0,LOW,Tekirdağ → Zonguldak
2026-05-17,Tekirdağ,İstanbul,1058.8134,1881.1792,2117.5905,1999.3848,118.2056,LOW,Tekirdağ → İstanbul
2026-05-17,Tekirdağ,Şanlıurfa,0.0,0.0,0.0,0.0,0.0,LOW,Tekirdağ → Şanlıurfa
2026-05-17,Yalova,Balıkesir,1554.6392,3427.9545,3976.9849,3702.4697,274.5152,LOW,Yalova → Balıkesir
2026-05-17,Yalova,Bilecik,1014.0276,1548.5916,1817.0685,1682.8301,134.2385,LOW,Yalova → Bilecik
2026-05-17,Yalova,Eskişehir,1463.4751,4741.9934,5728.5953,5235.2943,493.3009,MEDIUM,Yalova → Eskişehir
2026-05-17,Yalova,Kütahya,164.1818,164.1818,369.8789,267.0303,102.8485,LOW,Yalova → Kütahya
2026-05-17,Yalova,Manisa,1634.843,3246.2819,3750.5441,3498.413,252.1311,LOW,Yalova → Manisa
2026-05-17,Yalova,Mersin,179.7832,550.7665,762.9175,656.842,106.0755,LOW,Yalova → Mersin
2026-05-17,Yalova,Tekirdağ,1962.9448,4674.955,5393.7675,5034.3612,359.4062,LOW,Yalova → Tekirdağ
2026-05-17,Yalova,İstanbul,1963.4145,4429.2437,5163.9105,4796.5771,367.3334,LOW,Yalova → İstanbul
2026-05-17,İstanbul,Balıkesir,2170.326,5281.3587,6520.4477,5900.9032,619.5445,MEDIUM,İstanbul → Balıkesir
2026-05-17,İstanbul,Bilecik,1662.2847,3497.3831,4468.8895,3983.1363,485.7532,LOW,İstanbul → Bilecik
2026-05-17,İstanbul,Denizli,926.6845,986.2164,1383.8299,1185.0231,198.8067,LOW,İstanbul → Denizli
2026-05-17,İstanbul,Erzincan,1573.7092,3299.87,3756.3521,3528.1111,228.2411,LOW,İstanbul → Erzincan
2026-05-17,İstanbul,Eskişehir,2124.5789,5374.26,6711.9432,6043.1016,668.8416,MEDIUM,İstanbul → Eskişehir
2026-05-17,İstanbul,Isparta,730.2484,842.4842,1005.4144,923.9493,81.4651,LOW,İstanbul → Isparta
2026-05-17,İstanbul,Karaman,318.0125,318.0125,450.8584,384.4355,66.423,LOW,İstanbul → Karaman
2026-05-17,İstanbul,Kütahya,1656.6987,2869.3808,3246.886,3058.1334,188.7526,LOW,İstanbul → Kütahya
2026-05-17,İstanbul,Manisa,2660.1871,5922.6178,7054.9568,6488.7873,566.1695,LOW,İstanbul → Manisa
2026-05-17,İstanbul,Mardin,1644.3524,2954.0138,3545.4579,3249.7358,295.722,LOW,İstanbul → Mardin
2026-05-17,İstanbul,Mersin,1840.3449,3757.7911,4630.8544,4194.3228,436.5317,LOW,İstanbul → Mersin
2026-05-17,İstanbul,Sivas,1476.7374,2396.688,2396.688,2396.688,0.0,LOW,İstanbul → Sivas
2026-05-17,İstanbul,Tekirdağ,1855.6564,5120.6165,6314.5842,5717.6004,596.9839,MEDIUM,İstanbul → Tekirdağ
2026-05-17,İstanbul,Yalova,2335.9288,5495.1159,6804.8709,6149.9934,654.8775,MEDIUM,İstanbul → Yalova
2026-05-17,İstanbul,Zonguldak,1009.3872,1235.2171,1594.5447,1414.8809,179.6638,LOW,İstanbul → Zonguldak
2026-05-17,İstanbul,Şanlıurfa,1486.3554,2578.1833,3154.229,2866.2061,288.0228,LOW,İstanbul → Şanlıurfa
2026-05-17,Şanlıurfa,Eskişehir,0.0,0.0,0.0,0.0,0.0,LOW,Şanlıurfa → Eskişehir
2026-05-17,Şanlıurfa,Manisa,0.0,0.0,0.0,0.0,0.0,LOW,Şanlıurfa → Manisa
2026-05-17,Şanlıurfa,Tekirdağ,0.0,0.0,0.0,0.0,0.0,LOW,Şanlıurfa → Tekirdağ
